Time,ID,Lat,Lon,Alt,#Wifi networks,SSID1,MAC1,Frequncy1,Signal1,SSID2,MAC2,Frequncy2,Signal2,SSID3,MAC3,Frequncy3,Signal3,SSID4,MAC4,Frequncy4,Signal4,SSID5,MAC5,Frequncy5,Signal5,SSID6,MAC6,Frequncy6,Signal6,SSID7,MAC7,Frequncy7,Signal7,SSID8,MAC8,Frequncy8,Signal8,SSID9,MAC9,Frequncy9,Signal9,SSID10,MAC10,Frequncy10,Signal10,SSID11,MAC11,Frequncy11,Signal11,SSID12,MAC12,Frequncy12,Signal12,SSID13,MAC13,Frequncy13,Signal13,SSID14,MAC14,Frequncy14,Signal14,SSID15,MAC15,Frequncy15,Signal15
2017-10-27 16:32:24,model=Lenovo PB2-690Y,32.16769143,34.80988609,30,3,888Corp,0a:8d:db:6e:71:26,6,-92,888Guest,02:8d:db:6e:71:26,6,-93,888Free,06:8d:db:6e:71:26,6,-96
2017-10-27 16:35:09,model=Lenovo PB2-690Y,32.16767918,34.8099261,32,1,ensilo_guest,00:30:4f:82:a4:49,11,-83
2017-10-27 16:35:31,model=Lenovo PB2-690Y,32.16767714,34.80987434,38,1,888Corp,8e:15:44:a9:32:e6,11,-92
2017-10-27 16:35:40,model=Lenovo PB2-690Y,32.16749575,34.8096228,38,1,lavel-2,74:da:39:b9:a7:bd,2,-89
2017-10-27 16:35:43,model=Lenovo PB2-690Y,32.16737112,34.80947136,37,2,Ezbob_WiFi,00:02:6f:12:34:56,11,-83,lavel-2_2,74:da:38:b9:a7:bc,2,-90
2017-10-27 16:35:49,model=Lenovo PB2-690Y,32.16706717,34.80912469,29,4,brieftrace5,90:8d:78:51:52:fb,48,-79,Pitarohecht,00:02:6f:a6:f1:f3,1,-86,Maxillent,90:6c:ac:60:6c:8b,3,-91,BlueSnap-Guest-2.4GHz,00:02:6f:bb:fd:ac,1,-93
2017-10-27 16:35:52,model=Lenovo PB2-690Y,32.16697095,34.80899281,29,2,BlueSnap-Guest-2.4GHz,00:02:6f:bb:fd:ac,1,-83,bacapital,6c:b0:ce:ab:5a:a1,1,-90
2017-10-27 16:35:55,model=Lenovo PB2-690Y,32.16690996,34.80892623,31,1,Bezeq2.4,14:ae:db:b3:7b:65,6,-90
2017-10-27 16:35:58,model=Lenovo PB2-690Y,32.16690033,34.80890703,28,5,HP-Print-A0-LaserJet Pro MFP,30:f7:72:6e:8e:a0,6,-78,ASUS,d0:17:c2:60:e7:38,3,-84,Crestron_23,10:fe:ed:62:9e:1a,4,-86,AEH-W4A1-b0411d255ce3,b0:41:1d:25:5c:e3,7,-87,PitaroHecht,00:02:6f:bf:86:cc,1,-89
2017-10-27 16:36:03,model=Lenovo PB2-690Y,32.16686101,34.80886888,25,8,Kadabra-AP,00:1d:aa:7c:8c:f8,11,-79,Kadabra-Guest,02:1d:aa:7c:8c:f8,11,-79,LeonAP,80:1f:02:36:10:68,11,-85,Efrat Networks MM,94:f6:65:5b:b2:28,5,-89,BlueSnap-Guest-2.4GHz,c0:56:27:a0:6c:9a,3,-91,Guest Neetwork MM,94:f6:65:1b:b2:28,5,-91,HOTBOX-D124,6c:2e:85:fe:9f:bc,1,-91,Hacker,cc:b2:55:e7:bf:ba,6,-95
2017-10-27 16:36:08,model=Lenovo PB2-690Y,32.16689742,34.80859096,25,4,Efrat Networks NC,00:1d:aa:34:1e:58,11,-81,,fa:8f:ca:93:a5:64,6,-87,INGENEO,cc:b2:55:e8:4c:e6,6,-88,HOTFiber-2017,08:6a:0a:37:66:66,1,-91
2017-10-27 16:36:11,model=Lenovo PB2-690Y,32.16698668,34.80831306,26,2,BENY PUR,d8:fe:e3:03:c7:b1,6,-80,HOTFiber-2017,18:1e:78:86:00:63,1,-89
2017-10-27 16:36:14,model=Lenovo PB2-690Y,32.16710359,34.80798987,28,3,BlueSnap-Guest-2.4GHz,00:02:6f:bb:fd:ac,1,-81,0506679780,5a:fe:e3:03:c7:b3,6,-81,Candan,c0:ff:d4:7b:82:30,1,-93
2017-10-27 16:36:17,model=Lenovo PB2-690Y,32.16722868,34.80761207,30,7,Home.,a0:ab:1b:62:a7:bc,1,-83,Rabia,30:b5:c2:bd:52:40,6,-86,BlueSnap-Guest-2.4GHz,c0:56:27:a0:6c:9a,3,-88,Guest Neetwork MM,94:f6:65:1b:b2:28,5,-89,sm,14:ae:db:c2:74:65,6,-90,ASUS,d0:17:c2:60:e7:38,3,-91,NIZZA333_2EX,74:da:38:0e:db:1c,11,-93
2017-10-27 16:36:20,model=Lenovo PB2-690Y,32.16737009,34.80723953,30,6,Rabia,30:b5:c2:bd:52:40,6,-74,aron,04:a1:51:e2:7d:fe,11,-89,DIRECT-DA-HP DeskJet 4670 series,c8:d3:ff:79:a3:db,9,-90,Bezeq Free,52:a1:51:e2:7d:ff,11,-90,Heifes,20:0c:c8:10:c8:11,1,-91,Bezeq Free D02536,72:0c:c8:10:c8:12,1,-93
2017-10-27 16:36:23,model=Lenovo PB2-690Y,32.16751498,34.80683618,32,6,Bezeq Free D02536,72:0c:c8:10:c8:12,1,-80,Heifes,20:0c:c8:10:c8:11,1,-84,Ester_wifi,84:26:15:eb:2d:b3,11,-86,Casa1,f4:6b:ef:e2:2c:1f,11,-88,Candan,c0:ff:d4:7b:82:30,1,-90,Efrat Networks MM,94:f6:65:5b:b2:28,5,-92
2017-10-27 16:36:26,model=Lenovo PB2-690Y,32.1676062,34.80648761,35,3,Guest Neetwork MM,94:f6:65:1b:b2:28,5,-91,bendet1,80:1f:02:d7:6b:c8,6,-91,Home.,a0:ab:1b:62:a7:bc,1,-96
2017-10-27 16:36:29,model=Lenovo PB2-690Y,32.16771044,34.80621624,37,3,wifi in car-1794,08:97:58:33:b7:cc,1,-75,Rabia,30:b5:c2:bd:52:40,6,-90,EMELET,f4:f2:6d:ca:5d:06,8,-93
2017-10-27 16:36:32,model=Lenovo PB2-690Y,32.16779375,34.80608261,37,2,shor_Ext,e2:91:f5:b6:ec:a8,11,-91,ApartmentD,c0:ff:d4:d1:e4:20,6,-93
2017-10-27 16:36:37,model=Lenovo PB2-690Y,32.16789236,34.80594706,40,1,Annatel_3372,74:da:38:a9:0c:3e,2,-85
2017-10-27 16:36:40,model=Lenovo PB2-690Y,32.16787943,34.80577971,41,3,Heifes,20:0c:c8:10:c8:11,1,-88,Hazan_Home,18:d6:c7:ef:1e:a4,11,-89,Bezeq Free D02536,72:0c:c8:10:c8:12,1,-91
2017-10-27 16:36:43,model=Lenovo PB2-690Y,32.16773211,34.80577425,40,1,INGENEO,cc:b2:55:e8:4c:e6,6,-91
2017-10-27 16:36:49,model=Lenovo PB2-690Y,32.16760779,34.80626857,40,1,HP-Print-86-Officejet Pro 8600,88:51:fb:20:6b:86,11,-91
2017-10-27 16:36:55,model=Lenovo PB2-690Y,32.16745405,34.8067466,38,3,Bezeq Free D02536,72:0c:c8:10:c8:12,1,-84,Bezeq-NGN_E60863,cc:b2:55:e6:08:64,6,-93,Bezeq Free,cc:b2:55:e6:08:67,6,-95
2017-10-27 16:36:58,model=Lenovo PB2-690Y,32.16738263,34.80704301,36,1,Heifes,20:0c:c8:10:c8:11,1,-90
2017-10-27 16:37:01,model=Lenovo PB2-690Y,32.16732484,34.8073338,31,3,Rabia,30:b5:c2:bd:52:40,6,-90,HP-Print-86-Officejet Pro 8600,88:51:fb:20:6b:86,11,-92,Vexlerar_2EX,74:da:38:cc:d8:80,9,-93
2017-10-27 16:37:04,model=Lenovo PB2-690Y,32.1672203,34.80757898,30,1,Home.,a0:ab:1b:62:a7:bc,1,-90
2017-10-27 16:37:07,model=Lenovo PB2-690Y,32.16710326,34.80786315,26,5,INGENEO,cc:b2:55:e8:4c:e6,6,-87,EL5,14:ae:db:3d:b1:55,48,-88,Casa1,f4:6b:ef:e2:2c:1f,11,-90,Bezeq Free D02536,72:0c:c8:10:c8:12,1,-92,Ester_wifi,84:26:15:eb:2d:b3,11,-93
2017-10-27 16:37:10,model=Lenovo PB2-690Y,32.16701367,34.80810925,22,5,0506679780,5a:fe:e3:03:c7:b3,6,-73,BENY PUR,d8:fe:e3:03:c7:b1,6,-74,DIRECT-EA-HP OfficeJet Pro 6960,30:e1:71:c5:17:eb,6,-84,Heifes,20:0c:c8:10:c8:11,1,-91,edimax_repeater,74:da:38:50:ce:4c,2,-94
2017-10-27 16:37:13,model=Lenovo PB2-690Y,32.16692966,34.80836155,15,6,,fa:8f:ca:93:a5:64,6,-82,levi_1,f8:e9:03:0e:a1:5d,11,-88,Rabia,30:b5:c2:bd:52:40,6,-89,Pantum-AP-1C0F59,44:33:4c:1c:0f:59,11,-89,071889240,f8:e9:03:14:72:44,1,-90,Vexlerar_2EX,74:da:38:cc:d8:80,9,-92
2017-10-27 16:37:16,model=Lenovo PB2-690Y,32.166863,34.80849455,17,5,INGENEO,cc:b2:55:e8:4c:e6,6,-82,EL,14:ae:db:3d:b1:52,9,-82,Guest Neetwork MM,94:f6:65:1b:b2:28,5,-90,HP-Print-82-LaserJet 200 color,68:94:23:24:b1:82,6,-92,Efrat Networks MM,94:f6:65:5b:b2:28,5,-94
2017-10-27 16:37:19,model=Lenovo PB2-690Y,32.16680671,34.80857819,17,5,KaymeraGuest,00:f6:63:3a:f4:82,1,-80,wifi in car-1794,08:97:58:33:b7:cc,1,-82,kaymeraQA,00:f6:63:3a:f4:80,1,-84,gigi1932,8c:59:c3:a2:9d:69,11,-89,HP-Print-a2-LaserJet 400 color,e4:d5:3d:7d:d6:a2,6,-91
2017-10-27 16:37:22,model=Lenovo PB2-690Y,32.16679377,34.8086177,16,6,ASUS,d0:17:c2:60:e7:38,3,-79,KaymeraDev,00:f6:63:3a:f4:81,1,-82,Home.,a0:ab:1b:62:a7:bc,1,-87,Efrat Networks MM,94:f6:65:5b:b2:28,5,-89,BlueSnap-Guest-2.4GHz,c0:56:27:a0:6c:9a,3,-90,TP-LINK_6CF1,30:b5:c2:6d:c9:e0,11,-93
2017-10-27 16:37:29,model=Lenovo PB2-690Y,32.16671281,34.80872443,22,2,,fa:8f:ca:91:09:b4,11,-90,kaymeraQA,cc:16:7e:97:1d:90,1,-93
2017-10-27 16:37:32,model=Lenovo PB2-690Y,32.16652877,34.80876004,24,3,Partner-4G-C845,50:68:0a:66:c8:45,8,-85,888Free,06:8d:db:6e:71:ab,1,-92,RTI 15,10:fe:ed:62:9e:5c,5,-93
2017-10-27 16:37:35,model=Lenovo PB2-690Y,32.16627842,34.80860037,25,1,4GT,82:4c:a5:1a:71:67,1,-91
2017-10-27 16:37:38,model=Lenovo PB2-690Y,32.16602039,34.8084001,24,7,4G,94:10:3e:a8:34:9a,11,-66,ID,92:4c:a5:1a:71:67,1,-78,CMT-Guests,70:4c:a5:1a:71:67,1,-79,Retention,a2:4c:a5:1a:71:67,1,-79,4GT,82:4c:a5:1a:71:67,1,-80,BlueSnap-Guest-2.4GHz,00:02:6f:bb:fd:ac,1,-85,Pitarohecht,00:02:6f:a6:f1:f3,1,-92
2017-10-27 16:37:41,model=Lenovo PB2-690Y,32.16577658,34.80816783,24,14,Efrat Networks NC,00:1d:aa:34:1e:58,11,-78,Efrat Networks MM,94:f6:65:5b:b2:28,5,-85,ASUS,d0:17:c2:60:e7:38,3,-85,Guest Neetwork MM,94:f6:65:1b:b2:28,5,-86,wifi in car-1794,08:97:58:33:b7:cc,1,-88,kaymeraQA,00:f6:63:3a:f4:80,1,-90,KaymeraDev,00:f6:63:3a:f4:81,1,-90,HP-Print-A0-LaserJet Pro MFP,30:f7:72:6e:8e:a0,6,-90,Bezeq2.4,14:ae:db:b3:7b:65,6,-90,HOTBOX-D124,6c:2e:85:fe:9f:bc,1,-90,BlueSnap-Guest-2.4GHz,c0:56:27:a0:6c:9a,3,-91,KaymeraGuest,00:f6:63:3a:f4:82,1,-92,Hacker,cc:b2:55:e7:bf:ba,6,-93,tzunami2,4c:e6:76:22:44:af,4,-93
2017-10-27 16:37:44,model=Lenovo PB2-690Y,32.16554915,34.80794021,23,6,,fa:8f:ca:91:09:b4,11,-90,Ganel,14:ae:db:43:44:ad,11,-92,kaymeraQA,cc:16:7e:97:1d:90,1,-93,MVGuest,4e:d9:e7:59:4a:f2,1,-93,HWL,08:5b:0e:5f:b0:78,11,-93,SETUP,ee:39:c3:92:e3:6d,11,-94
2017-10-27 16:37:47,model=Lenovo PB2-690Y,32.16530821,34.80769442,22,10,Partner-4G-C845,50:68:0a:66:c8:45,8,-86,Cloudius,de:9f:db:7f:73:aa,1,-86,Ganel,14:ae:db:43:44:ad,11,-87,AppsFlyer Guest,82:15:54:a8:8d:ef,36,-88,AppsFlyer RANDD,8e:15:54:a8:8d:ef,36,-90,rainbow,ee:9f:db:7f:73:aa,1,-90,888Free,06:8d:db:6e:71:ab,1,-92,sunmotors,14:ae:db:3a:6d:95,6,-92,RTI 15,10:fe:ed:62:9e:5c,5,-93,Off-Oz,00:25:86:b0:42:ae,6,-93
2017-10-27 16:37:50,model=Lenovo PB2-690Y,32.16504704,34.80746023,19,6,GINI-APPS,f0:3e:90:0f:4c:b8,1,-84,F-Z,04:a1:51:13:13:37,11,-85,COMET,80:1f:02:38:6a:b0,11,-90,HP-Print-82-LaserJet 200 color,68:94:23:24:b1:82,6,-91,BezeqFree,14:af:db:bd:de:12,6,-92,Gil?s iMac,28:f0:76:3d:81:f8,8,-94
2017-10-27 16:37:53,model=Lenovo PB2-690Y,32.16476567,34.80721216,19,10,4G,94:10:3e:a8:34:9a,11,-74,DIRECT-A5-HP OfficeJet Pro 7720,3e:52:82:88:eb:a5,3,-88,VAP1,02:10:f3:64:7e:5d,6,-88,kaymeraQA,00:f6:63:3a:f4:80,1,-90,Tamar-Office,90:6c:ac:8f:fd:82,1,-90,tzubnt,00:27:22:4e:28:c8,8,-90,Coralgrp,ac:a3:1e:c9:5a:c0,11,-90,RTO,e0:b9:a5:10:95:6b,7,-90,tzunami2,4c:e6:76:22:44:af,4,-92,GAL-ALMAGOR,14:ae:db:bd:de:12,6,-92
2017-10-27 16:37:56,model=Lenovo PB2-690Y,32.16446369,34.80699683,20,7,RTI 15,10:fe:ed:62:9e:5c,5,-86,Coralgrp,94:b4:0f:37:26:90,52,-88,Glilot1,70:4c:a5:13:f2:f5,9,-89,,88:15:44:a8:8d:ef,1,-90,MVGuest,4e:d9:e7:59:4a:f2,1,-93,HWL,08:5b:0e:5f:b0:78,11,-93,SETUP,ee:39:c3:92:e3:6d,11,-94
2017-10-27 16:37:59,model=Lenovo PB2-690Y,32.16413733,34.80680696,20,11,Coralgrp,94:b4:0f:37:26:80,7,-84,Cloudius,de:9f:db:7f:73:aa,1,-86,rainbow,ee:9f:db:7f:73:aa,1,-86,Ganel,14:ae:db:43:44:ad,11,-87,Gil?s iMac,28:f0:76:3d:81:f8,8,-87,AppsFlyer Guest,82:15:54:a8:8d:ef,36,-88,BB?s iMac,c8:bc:c8:b7:c2:e1,8,-89,AppsFlyer RANDD,8e:15:54:a8:8d:ef,36,-90,sunmotors,14:ae:db:3a:6d:95,6,-92,var,c4:12:f5:82:de:c6,1,-92,Off-Oz,00:25:86:b0:42:ae,6,-93
2017-10-27 16:38:02,model=Lenovo PB2-690Y,32.16381918,34.80663229,23,6,F-Z,04:a1:51:13:13:37,11,-85,GINI-APPS,f0:3e:90:0f:4c:b8,1,-87,BezeqNGN_XA28CE_5GHz_1,6c:b0:ce:38:48:80,60,-87,COMET,80:1f:02:38:6a:b0,11,-90,HP-Print-82-LaserJet 200 color,68:94:23:24:b1:82,6,-91,BezeqFree,14:af:db:bd:de:12,6,-92
2017-10-27 16:38:05,model=Lenovo PB2-690Y,32.16353865,34.8064643,25,7,VAP1,02:10:f3:64:7e:5d,6,-88,Tamar-Office,90:6c:ac:8f:fd:82,1,-90,tzubnt,00:27:22:4e:28:c8,8,-90,Coralgrp,ac:a3:1e:c9:5a:c0,11,-90,RTO,e0:b9:a5:10:95:6b,7,-90,murraydiane,c4:12:f5:83:aa:0c,11,-91,GAL-ALMAGOR,14:ae:db:bd:de:12,6,-92
2017-10-27 16:38:08,model=Lenovo PB2-690Y,32.16331079,34.80633803,28,10,drupe 2.4G,ec:08:6b:27:b0:2f,4,-81,RTI 15,10:fe:ed:62:9e:5c,5,-86,Coralgrp,94:b4:0f:37:26:90,52,-89,Glilot1,70:4c:a5:13:f2:f5,9,-89,SANDW,82:2a:a8:b5:b7:1a,11,-89,HP-Print-2a-LaserJet 400 MFP,ac:d1:b8:ac:e8:2a,6,-89,,88:15:44:a8:8d:ef,1,-90,JWN,6c:b0:ce:33:a2:d0,11,-90,eliya23,00:1d:aa:7c:08:5c,11,-91,BezeqNGN_XA28CE_2.4GHz_1,6c:b0:ce:38:48:7f,6,-91
2017-10-27 16:38:11,model=Lenovo PB2-690Y,32.16317414,34.80627205,31,6,,88:dc:96:17:c1:5c,6,-86,JONEY_2.4,6c:b0:ce:3a:83:4e,1,-88,DELEK-GUEST,c0:25:5c:df:62:e1,5,-91,Carmel MR,10:be:f5:3a:ec:76,9,-92,ran,14:ae:db:32:cf:62,10,-93,Partner-4G-7C3F,9c:b2:b2:32:7c:3f,1,-95
2017-10-27 16:38:14,model=Lenovo PB2-690Y,32.1631619,34.80625893,34,2,ZeroOne 2.4GHz,14:ae:db:3e:de:ea,2,-86,drupe_kitchen,14:ae:db:38:cc:ad,11,-93
2017-10-27 16:38:22,model=Lenovo PB2-690Y,32.1631764,34.8062382,36,3,DELEK-GUEST,c0:25:5c:df:62:e1,5,-80,DELEK-GROUP,c0:25:5c:df:62:e0,5,-81,drupe 5G,ec:08:6b:27:b0:2e,36,-89
2017-10-27 16:38:25,model=Lenovo PB2-690Y,32.16317736,34.80623126,31,2,Partner-4G-7C3F,9c:b2:b2:32:7c:3f,1,-87,EIS70,04:bd:88:e3:6f:e1,1,-88
2017-10-27 16:38:28,model=Lenovo PB2-690Y,32.16319135,34.80624872,33,2,murraydiane,c4:12:f5:83:aa:0c,11,-85,,88:dc:96:17:c0:9e,6,-88
2017-10-27 16:38:34,model=Lenovo PB2-690Y,32.16320674,34.80625275,29,1,Wallashops-Office,00:c8:8b:28:28:20,1,-92
2017-10-27 16:38:43,model=Lenovo PB2-690Y,32.16319294,34.80626005,30,2,TNCAPE5A34D,30:91:8f:51:3b:fe,11,-91,DIRECT-37-HP OfficeJet Pro 8720,a0:8c:fd:5b:1c:38,8,-93
2017-10-27 16:38:46,model=Lenovo PB2-690Y,32.16318171,34.80625562,29,1,INVESUS,06:18:d6:a9:2d:cf,1,-93
2017-10-27 16:38:49,model=Lenovo PB2-690Y,32.16317781,34.8062566,28,1,drupe 2.4G,ec:08:6b:27:b0:2f,4,-74
2017-10-27 16:38:52,model=Lenovo PB2-690Y,32.1631839,34.80625095,26,1,ZeroOne 2.4GHz,14:ae:db:3e:de:ea,2,-80
2017-10-27 16:39:08,model=Lenovo PB2-690Y,32.1632265,34.80624928,24,1,HP-Print-B1-Officejet Pro 8610,fc:15:b4:a7:ce:b1,4,-92
2017-10-27 16:39:11,model=Lenovo PB2-690Y,32.16319996,34.80624705,23,4,welovecoffee_,14:ae:db:ca:c2:22,10,-90,Sodyo,14:ae:db:30:59:ca,8,-91,BezeqFree,14:af:db:30:59:ca,8,-92,DELEK-GROUP,34:db:fd:0a:6c:00,9,-96
2017-10-27 16:39:14,model=Lenovo PB2-690Y,32.16304192,34.80624314,22,3,BezeqNGN_XA28CE_2.4GHz_1,6c:b0:ce:38:48:7f,6,-84,EIS LAB,04:bd:88:e3:6f:e0,1,-87,Biopharmax Guest,18:e7:28:50:04:48,1,-90
2017-10-27 16:39:17,model=Lenovo PB2-690Y,32.16293782,34.80645872,23,5,Paragon-Wifi,00:1d:aa:0f:51:38,11,-87,DIRECT-F7-HP DeskJet 4670 series,b0:5a:da:fa:39:f8,1,-87,marvin,04:a1:51:11:0e:ee,11,-90,DIRECT-C6-HP DeskJet 3830 series,dc:4a:3e:cf:77:77,6,-91,,10:0d:7f:8a:88:44,6,-93
2017-10-27 16:39:21,model=Lenovo PB2-690Y,32.16277074,34.80687835,21,9,drupe 5G,ec:08:6b:27:b0:2e,36,-80,eliya23,00:1d:aa:7c:08:5c,11,-82,Partner-4G-7C3F,9c:b2:b2:32:7c:3f,1,-82,DIRECT-37-HP OfficeJet Pro 8720,a0:8c:fd:5b:1c:38,8,-85,welovecoffee_,14:ae:db:ca:c2:22,10,-85,HP-Print-B1-Officejet Pro 8610,fc:15:b4:a7:ce:b1,4,-86,veguest,64:f6:9d:6a:bb:e1,9,-88,ZeroOne 5.0GHz,14:ae:db:3e:de:ed,48,-89,vecorp,64:f6:9d:6a:bb:e0,9,-90
2017-10-27 16:39:23,model=Lenovo PB2-690Y,32.16269253,34.80708038,22,10,JONEY_2.4,6c:b0:ce:3a:83:4e,1,-81,GUEST,00:0c:e6:02:d1:6e,6,-81,Print,00:0c:e6:02:b4:d8,6,-82,DIRECT-7iM2020 Series,32:cd:a7:1e:df:40,11,-85,drupe_kitchen,14:ae:db:38:cc:ad,11,-86,Ran,00:10:f3:69:eb:b7,11,-88,TNCAPF791CB,c4:ea:1d:f7:91:cb,11,-89,MVP_Guest,02:1d:aa:da:4b:50,6,-90,HP-Print-A7-Officejet Pro 6830,dc:4a:3e:39:49:a7,6,-90,Natam_sharon,e4:6f:13:6f:c8:8a,9,-92
2017-10-27 16:39:27,model=Lenovo PB2-690Y,32.16256983,34.80733271,20,15,Bello1,80:1f:02:51:34:d2,6,-77,drupe 2.4G,ec:08:6b:27:b0:2f,4,-82,VITEC-IL,80:26:89:0d:5a:2c,9,-82,BezeqNGN_XA28CE_2.4GHz_1,6c:b0:ce:38:48:7f,6,-84,PEI.WIFI,78:d3:8d:d1:26:80,7,-84,lapidot_2.4GHz_1,3c:1e:04:07:95:7b,1,-84,EIS LAB,04:bd:88:e3:6f:e0,1,-87,Bezeq_7301b6,00:22:b0:73:01:b9,6,-87,Bezeq Free,14:af:db:3c:f2:da,2,-88,ZeroOne 2.4GHz,14:ae:db:3e:de:ea,2,-89,Biopharmax Guest,18:e7:28:50:04:48,1,-90,Sodyo,14:ae:db:30:59:ca,8,-91,Carmel MR,10:be:f5:3a:ec:76,9,-92,BezeqFree,14:af:db:30:59:ca,8,-92,Yona,10:be:f5:3e:4d:da,2,-93,
2017-10-27 16:39:29,model=Lenovo PB2-690Y,32.1625067,34.80746568,21,12,RTI 15,10:fe:ed:62:9e:5c,5,-83,atid_5,c4:04:15:4e:19:87,60,-84,Natam_sharon,e4:6f:13:6f:c8:8a,9,-85,atid_2.4,c4:04:15:4e:19:86,1,-85,Paragon-Wifi,00:1d:aa:0f:51:38,11,-87,HP-Print-2a-LaserJet 400 MFP,ac:d1:b8:ac:e8:2a,6,-87,Tamar-Office,90:6c:ac:8f:fd:82,1,-87,TP-LINK_AP_AF8C,98:de:d0:d0:af:8c,6,-88,marvin,04:a1:51:11:0e:ee,11,-90,lapidot_5GHz_1,3c:1e:04:07:95:7c,48,-91,HP-Setup>4a-M277 LaserJet,fa:da:0c:7e:1b:4a,6,-92,,10:0d:7f:8a:88:44,6,-93
2017-10-27 16:39:32,model=Lenovo PB2-690Y,32.16242017,34.80771262,20,8,HP-Print-f8-LaserJet 300,0c:84:dc:b9:58:f8,4,-84,ADX HOT,7c:b7:33:2c:95:41,11,-84,TNCAPE5A34D,9c:97:26:7d:d5:22,1,-84,interwifi,58:6d:8f:dc:f5:9f,6,-86,Adxperience3_2.4,6c:b0:ce:ac:ee:01,1,-87,Asraf,00:1d:aa:83:d3:8c,6,-88,Piohot,c0:ac:54:f6:59:0d,6,-89,DIRECT-a1-HP M477 LaserJet,96:53:30:2e:18:a1,6,-90
2017-10-27 16:39:35,model=Lenovo PB2-690Y,32.16229652,34.80799151,19,10,ADX HOT,7c:b7:33:2c:95:41,11,-77,ADX_HOT_EX2.4G,f8:e9:03:0f:24:49,11,-77,HP-Print-f8-LaserJet 300,0c:84:dc:b9:58:f8,4,-79,,88:dc:96:17:c1:5c,6,-80,DIRECT-OPWorkCentre 3025,9e:93:4e:3f:e8:41,11,-81,AdXP,48:f8:b3:cc:fc:1e,4,-83,HP-Print-B1-Officejet Pro 8610,fc:15:b4:a7:ce:b1,4,-86,DBSI,1c:b9:c4:4f:15:d8,9,-87,BezeqFree,06:ae:db:36:86:05,11,-88,KingGeorge,10:be:f5:41:b9:84,9,-90
2017-10-27 16:39:38,model=Lenovo PB2-690Y,32.16218382,34.80827487,19,15,Crestron_23,10:fe:ed:62:9e:1a,4,-76,JONEY_2.4,6c:b0:ce:3a:83:4e,1,-81,Print,00:0c:e6:02:b4:d8,6,-81,GDLWIFI,f2:9f:c2:f1:c8:5f,1,-81,GD,f0:9f:c2:f1:c8:5f,1,-81,,94:b4:0f:d1:60:04,11,-81,MentorGuest,84:d4:7e:ef:03:a1,11,-82,GUEST,00:0c:e6:02:d1:6e,6,-83,KingGeorge,10:be:f5:41:b9:84,9,-83,,94:b4:0f:d1:60:03,11,-83,MGC,84:d4:7e:ef:03:a0,11,-84,EMS-Guest,08:5b:0e:f4:76:85,11,-85,drupe_kitchen,14:ae:db:38:cc:ad,11,-86,,94:b4:0f:d1:60:01,11,-86,Ran,00:10:f3:69:eb:b7,11,-88,
2017-10-27 16:39:41,model=Lenovo PB2-690Y,32.16203317,34.80861643,17,15,,88:dc:96:17:c0:9e,6,-70,RTI 15,10:fe:ed:62:9e:5c,5,-76,VITEC-IL,80:26:89:0d:5a:2c,9,-80,Zerto Guests,1a:5b:0e:66:b4:43,6,-82,Bello1,80:1f:02:51:34:d2,6,-83,A.M.P_EXT,c4:6e:1f:54:4f:75,1,-83,Zerto,08:5b:0e:66:b4:43,6,-83,Natam_sharon,e4:6f:13:6f:c8:8a,9,-84,atid_5,c4:04:15:4e:19:87,60,-84,atid_2.4,c4:04:15:4e:19:86,1,-85,Zerto,08:5b:0e:e8:56:cd,11,-85,Zerto Guests,1a:5b:0e:e8:56:cd,11,-85,GD,f0:9f:c2:f2:c8:5f,36,-86,lapidot_2.4GHz_1,3c:1e:04:07:95:7b,1,-87,Tamar-Office,90:6c:ac:8f:fd:82,1,-87,
2017-10-27 16:39:44,model=Lenovo PB2-690Y,32.1618688,34.80894547,15,15,,94:b4:0f:d1:60:12,48,-75,,94:b4:0f:d1:60:14,48,-75,,94:b4:0f:d1:60:13,48,-75,,94:b4:0f:d1:60:11,48,-75,Life,94:b4:0f:d1:60:10,48,-75,TNCAPE5A34D,9c:97:26:7d:d5:22,1,-84,interwifi,58:6d:8f:dc:f5:9f,6,-86,,94:f6:65:2f:df:0c,36,-86,elastifile,06:18:d6:a9:2a:84,1,-86,,94:f6:65:af:df:0c,36,-87,VF3,a0:4f:d4:3d:cc:f1,10,-87,HAPOALIM,94:f6:65:6f:df:0c,36,-87,Asraf,00:1d:aa:83:d3:8c,6,-88,Piohot,c0:ac:54:f6:59:0d,6,-89,Adxperience3_2.4,6c:b0:ce:ac:ee:01,1,-91,
2017-10-27 16:39:48,model=Lenovo PB2-690Y,32.16173813,34.80919485,16,15,,88:dc:96:17:c0:9e,6,-63,,88:dc:96:17:c1:5c,6,-69,ADX HOT,7c:b7:33:2c:95:41,11,-77,ADX_HOT_EX2.4G,f8:e9:03:0f:24:49,11,-77,HP-Print-f8-LaserJet 300,0c:84:dc:b9:58:f8,4,-79,Partner-4G-8AB4,b0:89:00:d8:8a:b4,9,-83,4G_UFI-E63,3a:12:2d:b9:ce:63,3,-83,A.M.P end,c4:6e:1f:ab:77:3e,3,-84,Bezeq-N_223921,c4:12:f5:f6:70:b6,11,-84,as-om,a0:ab:1b:5f:51:48,3,-85,EF_Guest,56:d9:e7:d7:c6:14,1,-85,,fa:8f:ca:7b:b0:62,1,-86,AdXP,48:f8:b3:cc:fc:1e,4,-87,DBSI,1c:b9:c4:4f:15:d8,9,-87,epstein,14:ae:db:b7:8a:2d,1,-87,
2017-10-27 16:39:50,model=Lenovo PB2-690Y,32.16171469,34.80922516,14,4,wifi in car-0571,08:97:58:32:b1:9c,2,-75,elastifile,46:d9:e7:d7:c6:14,1,-82,Taykey - Guest,e0:10:7f:49:37:fc,52,-84,Taykey - Office,e0:10:7f:09:37:fc,52,-84
2017-10-27 16:39:53,model=Lenovo PB2-690Y,32.16171852,34.80922745,14,10,,88:dc:96:17:c1:5c,6,-60,,94:b4:0f:d1:60:03,11,-74,Alpha.guest,74:da:38:b6:ed:8d,4,-77,,94:b4:0f:d1:60:01,11,-78,Taykey - Office,e0:10:7f:09:37:f8,4,-78,Taykey - Guest,e0:10:7f:49:37:f8,4,-79,EF_Guest,16:18:d6:a9:2a:84,1,-80,Life,94:b4:0f:d1:60:00,11,-81,Garden,30:b5:c2:23:13:8b,6,-84,BigMeeting_2.4G,74:da:38:b6:ed:8c,4,-85
2017-10-27 16:39:56,model=Lenovo PB2-690Y,32.16172295,34.80923006,13,6,Bezeq-N_223921,c4:12:f5:f6:70:b6,11,-74,Partner-4G-8AB4,b0:89:00:d8:8a:b4,9,-75,4G_UFI-E63,3a:12:2d:b9:ce:63,3,-78,CST-IL-WLAN,80:2a:a8:4a:c9:37,3,-86,ESI-New,00:0c:e6:02:1d:6a,36,-87,ESI-Guest,00:0c:e6:02:8f:c9,36,-87
2017-10-27 16:39:59,model=Lenovo PB2-690Y,32.1617306,34.80922516,13,2,Disruptive WiFi Network,34:12:98:04:c4:00,6,-85,Zerto,08:5b:0e:e8:53:eb,1,-91
2017-10-27 16:40:02,model=Lenovo PB2-690Y,32.16172805,34.80923164,13,3,,88:dc:96:17:c0:9e,6,-58,wifi in car-0965,08:97:58:33:b1:52,2,-84,Triumph,10:0d:7f:86:c9:7c,5,-84
2017-10-27 16:40:05,model=Lenovo PB2-690Y,32.16172765,34.80923161,13,1,elastifile,06:18:d6:a9:2a:84,1,-80
2017-10-27 16:40:08,model=Lenovo PB2-690Y,32.16172752,34.80923159,13,1,wifi in car-0965,08:97:58:33:b1:52,2,-79
2017-10-27 16:40:11,model=Lenovo PB2-690Y,32.16172747,34.80923153,13,1,Zerto Guests,1a:5b:0e:e8:53:eb,1,-90
2017-10-27 16:40:14,model=Lenovo PB2-690Y,32.16172751,34.80923149,13,3,BigMeeting_2.4G,74:da:38:b6:ed:8c,4,-80,,fa:8f:ca:52:c2:cd,11,-87,spot32,d2:6c:ac:04:0d:e9,1,-90
2017-10-27 16:40:17,model=Lenovo PB2-690Y,32.16172755,34.80923146,13,1,Fortify,48:a9:d2:97:71:a5,11,-83
2017-10-27 16:40:20,model=Lenovo PB2-690Y,32.16172754,34.80923144,13,2,Zero,00:1e:2a:cf:f2:10,11,-86,Guest_Wifi,a2:6c:ac:04:0d:e9,1,-88
2017-10-27 16:40:23,model=Lenovo PB2-690Y,32.16172913,34.80922533,8,1,Xerox,62:13:11:37:ec:83,10,-82
2017-10-27 16:40:25,model=Lenovo PB2-690Y,32.16173457,34.80921711,9,1,EF_Guest,16:18:d6:a9:2e:98,11,-83
2017-10-27 16:40:28,model=Lenovo PB2-690Y,32.16174046,34.80921967,10,1,CST-IL-Guest,82:2a:a8:4a:c9:37,3,-89
2017-10-27 16:40:35,model=Lenovo PB2-690Y,32.16174556,34.80919615,10,1,Disruptive WiFi Network,34:12:98:04:c4:00,6,-80
2017-10-27 16:40:40,model=Lenovo PB2-690Y,32.1617451,34.8091961,11,1,EF_Guest,56:d9:e7:d7:c6:14,1,-76
2017-10-27 16:40:44,model=Lenovo PB2-690Y,32.16174503,34.809196,11,1,Triumph,10:0d:7f:86:c9:7c,5,-78
2017-10-27 16:40:50,model=Lenovo PB2-690Y,32.16173619,34.80920475,11,3,CST-IL-Guest,82:2a:a8:d1:6a:57,11,-88,snatch Wifi,70:56:81:83:53:b1,10,-89,DIRECT-94-HP OfficeJet Pro 8710,c8:d3:ff:85:13:95,6,-89
2017-10-27 16:40:52,model=Lenovo PB2-690Y,32.16170811,34.80929384,16,2,GDLWIFI,f2:9f:c2:f1:c8:5f,1,-81,KingGeorge,10:be:f5:41:b9:84,9,-89
2017-10-27 16:40:55,model=Lenovo PB2-690Y,32.1618073,34.80947758,23,1,GD,f0:9f:c2:f1:c8:5f,1,-89
2017-10-27 16:40:57,model=Lenovo PB2-690Y,32.16198048,34.80961771,23,12,RTI 15,10:fe:ed:62:9e:5c,5,-78,Liv,00:10:f3:64:7f:a0,1,-83,Office Network,90:a7:c1:0c:4d:14,10,-85,Roladin,30:46:9a:23:af:c0,6,-85,Zerto Guests,1a:5b:0e:e8:56:cd,11,-86,HP-Print-ca-LaserJet 400 MFP,0c:84:dc:3e:43:ca,1,-87,Ezel dudi2.4,10:5a:f7:0a:2b:c1,11,-88,liv,14:cc:20:8e:97:09,10,-88,Carmel MR,10:be:f5:3a:ec:76,9,-89,A.M.P_EXT,c4:6e:1f:54:4f:75,1,-90,MWTL,ec:8c:a2:49:cc:c8,9,-91,Matrix HZ WiFi,ec:8c:a2:09:cc:c8,9,-92
2017-10-27 16:41:01,model=Lenovo PB2-690Y,32.16233648,34.80985384,24,14,Office Network,90:a7:c1:0c:4d:14,10,-77,Ezel dudi2.4,10:5a:f7:0a:2b:c1,11,-82,Office Network,90:a7:c1:0c:4d:1d,36,-83,Elis,00:1d:aa:7c:76:80,11,-84,Office Network,90:a7:c1:0a:f1:28,1,-85,Neopharm Top,16:18:d6:cb:51:6c,1,-87,curvet,bc:ae:c5:c3:7f:89,11,-87,Ezel dudi_5,10:5a:f7:0a:2b:c2,52,-88,elinove,00:1e:e5:04:e5:a1,6,-88,225_5eb2c0,a0:ab:1b:5e:b2:c4,9,-90,Matrix HZ WiFi,ec:8c:a2:09:cc:f8,3,-90,MWTL,ec:8c:a2:49:cc:f8,3,-91,MWTL Mobile (POMS),ec:8c:a2:89:cc:f8,3,-91,BI WIFI,ec:8c:a2:c9:cc:f8,3,-93
2017-10-27 16:41:04,model=Lenovo PB2-690Y,32.16255321,34.80997916,25,15,Burgerim,cc:b2:55:68:13:c0,6,-83,offise2.4,48:ee:0c:3e:ad:41,8,-84,Bezeq Free,5a:b2:55:68:13:c1,6,-84,,94:b4:0f:d1:60:12,48,-86,Matrix HZ WiFi,ec:8c:a2:08:f1:98,4,-86,Life,94:b4:0f:d1:60:10,48,-87,vecorp,84:80:2d:ed:43:e0,1,-87,MWTL Mobile (POMS),ec:8c:a2:88:f1:98,4,-87,,94:b4:0f:d1:60:14,48,-88,MWTL,ec:8c:a2:48:f1:98,4,-88,BI WIFI,ec:8c:a2:c8:f1:98,4,-89,Office Network,90:a7:c1:0c:50:50,1,-89,Bezeq-n_1A01,e8:fc:af:81:1a:01,11,-89,Teka-Guest,00:10:f3:64:7c:4e,1,-90,DIRECT-8E-HP DeskJet 3830 series,3c:52:82:a2:38:8f,6,-91,
2017-10-27 16:41:06,model=Lenovo PB2-690Y,32.16273318,34.81008069,28,12,Bezeq-N_223921,c4:12:f5:f6:70:b6,11,-75,,88:dc:96:17:c0:9e,6,-76,,88:dc:96:17:c1:5c,6,-82,Partner-4G-8AB4,b0:89:00:d8:8a:b4,9,-82,elastifile,06:18:d6:a9:2a:84,1,-83,EF_Guest,16:18:d6:a9:2a:84,1,-83,CST-IL-WLAN,80:2a:a8:4a:c9:37,3,-84,elastifile,46:d9:e7:d7:c6:14,1,-86,4G_UFI-E63,3a:12:2d:b9:ce:63,3,-86,AndroidAP,e8:50:8b:a9:ed:cc,6,-88,Zero,00:1e:2a:cf:f2:10,11,-89,KingGeorge,10:be:f5:41:b9:84,9,-89
2017-10-27 16:41:09,model=Lenovo PB2-690Y,32.16301273,34.81024857,31,14,Triumph,10:0d:7f:86:c9:7c,5,-80,Liv,00:10:f3:64:7f:a0,1,-83,Roladin,30:46:9a:23:af:c0,6,-85,HP-Print-ca-LaserJet 400 MFP,0c:84:dc:3e:43:ca,1,-85,CST-IL-Guest,82:2a:a8:4a:c9:37,3,-86,Zerto Guests,1a:5b:0e:e8:56:cd,11,-86,liv,14:cc:20:8e:97:09,10,-88,GD,f0:9f:c2:f1:c8:5f,1,-89,WeDiggIT,64:a5:c3:6a:07:10,11,-89,A.M.P_EXT,c4:6e:1f:54:4f:75,1,-90,InternetV,c8:b3:73:57:7a:20,6,-90,MWTL,ec:8c:a2:49:cc:c8,9,-91,Matrix HZ WiFi,ec:8c:a2:09:cc:c8,9,-92,Suzanna,10:5a:f7:02:4e:31,1,-94
2017-10-27 16:41:13,model=Lenovo PB2-690Y,32.16337507,34.81046587,36,15,Office Network,90:a7:c1:0c:4d:14,10,-77,WeDiggIT,64:a5:c3:6a:07:10,11,-81,Twistlock Guests,46:d9:e7:a5:e3:2e,1,-81,Ezel dudi2.4,10:5a:f7:0a:2b:c1,11,-82,compvision,f8:e9:03:11:b4:83,1,-82,Office Network,90:a7:c1:0c:4d:1d,36,-83,Elis,00:1d:aa:7c:76:80,11,-84,Office Network,90:a7:c1:0a:f1:28,1,-85,WeDiggIT's Lab Guest,66:a2:0b:6a:c3:a0,6,-86,Neopharm Top,16:18:d6:cb:51:6c,1,-87,curvet,bc:ae:c5:c3:7f:89,11,-87,Ezel dudi_5,10:5a:f7:0a:2b:c2,52,-88,elinove,00:1e:e5:04:e5:a1,6,-88,Twistlock,56:d9:e7:a5:e3:2e,1,-88,225_5eb2c0,a0:ab:1b:5e:b2:c4,9,-90,
2017-10-27 16:41:16,model=Lenovo PB2-690Y,32.16364015,34.81062535,33,15,Micasah2,74:da:38:c3:45:a5,3,-77,WeDiggIT's Lab Guest,66:f4:25:6a:c3:a0,1,-79,WeDiggIT's Lab Wi-Fi,64:a5:c3:6a:25:f4,1,-79,BezeqNGN_W02A45_2.4GHz_1,20:0c:c8:11:19:7e,1,-81,WeDiggIT's Lab Wi-Fi 5GHz,64:a5:c3:6a:0b:a2,6,-82,Burgerim,cc:b2:55:68:13:c0,6,-83,HP-Print-D6-Officejet Pro 8610,fc:15:b4:a7:c3:d6,6,-83,Bezeq Free,5a:b2:55:68:13:c1,6,-84,AmGuest1,02:10:f3:63:f7:67,4,-86,axentia,48:a9:d2:86:e3:c0,2,-86,Techtrends,6c:f0:49:aa:44:a6,6,-86,HP-Print-85-Color LaserJet MFP,c4:8e:8f:5f:48:85,1,-86,vecorp,84:80:2d:ed:43:e0,1,-87,MWTL Mobile (POMS),ec:8c:a2:88:f1:98,4,-87,Ronitskin,d8:fb:5e:18:4a:f1,9,-87,
2017-10-27 16:41:18,model=Lenovo PB2-690Y,32.16379535,34.81072468,33,7,,88:dc:96:17:c1:5c,6,-82,GA-Simba,20:4e:7f:27:b9:f4,11,-82,4G_UFI-E63,3a:12:2d:b9:ce:63,3,-86,Zero,00:1e:2a:cf:f2:10,11,-87,AndroidAP,e8:50:8b:a9:ed:cc,6,-88,TNCAPE5A34D,30:91:8f:ed:72:f7,11,-91,jct,14:ae:db:38:fa:6d,11,-92
2017-10-27 16:41:22,model=Lenovo PB2-690Y,32.16408098,34.81091101,35,15,Aoffice,00:10:f3:63:f7:67,4,-81,BezeqFree,06:ae:db:b6:59:e5,1,-82,Bezeq,00:16:e3:f1:37:7d,6,-84,HP-Print-C4-Officejet Pro 6830,70:5a:0f:02:dd:c4,6,-85,8084789,80:37:73:e6:96:d2,1,-85,DIRECT-20-HP DeskJet 4670 series,c8:d3:ff:7c:08:21,1,-86,__Habad_2.4G,c4:a8:1d:14:58:39,1,-87,InternetV,c8:b3:73:57:7a:20,6,-88,Voicesense_guest,90:6c:ac:aa:61:a2,11,-88,Si-o-Net_5,44:94:fc:66:61:46,6,-89,8084789_5,80:37:73:e6:96:d3,60,-90,revi_bakery,6c:19:8f:4b:45:c5,11,-90,SAMSUNG-PC_Network,b0:48:7a:eb:5f:98,3,-90,Suzanna,10:5a:f7:02:4e:31,1,-94,Bezeq-N_ebaf41,e8:cc:18:eb:af:42,6,-94,
2017-10-27 16:41:24,model=Lenovo PB2-690Y,32.16421989,34.81099135,33,5,HOTBOX-260D,7c:b7:33:bf:26:13,3,-83,BeeComm,80:1f:02:81:07:ec,11,-84,MIRI,70:62:b8:34:15:46,5,-84,Mitrelli_Guest,2c:c5:d3:50:b1:b8,6,-89,bsh-Home-ADSL,50:57:a8:67:11:29,6,-89
2017-10-27 16:41:28,model=Lenovo PB2-690Y,32.16451351,34.81122293,33,10,yakov,e8:fc:af:9d:79:78,11,-76,WeDiggIT,64:a5:c3:6a:07:10,11,-81,Twistlock Guests,46:d9:e7:a5:e3:2e,1,-81,compvision,f8:e9:03:11:b4:83,1,-82,Si-o-Net_5,44:94:fc:66:61:46,6,-83,WeDiggIT's Lab Guest,66:a2:0b:6a:c3:a0,6,-86,Twistlock,56:d9:e7:a5:e3:2e,1,-88,Decor-HRZ,18:d6:c7:e1:b7:cc,4,-91,Intendu,5c:83:8f:33:b9:18,1,-92,IntenduCaptive,5c:83:8f:33:b9:19,1,-94
2017-10-27 16:41:31,model=Lenovo PB2-690Y,32.16475405,34.81137867,33,15,V6_guest,3c:1e:04:08:b2:36,1,-75,Stratoscale,00:35:1a:d3:50:20,1,-76,office,14:ae:db:56:e6:d5,1,-77,StratoGuests,00:35:1a:d3:50:21,1,-77,HP-Print-D6-Officejet 6700,2c:59:e5:db:2c:d6,6,-79,LIAT,14:ae:db:39:31:d5,11,-79,Sugarmama,2c:c5:d3:10:96:88,1,-81,podatacall2.4,c4:12:f5:f7:74:f2,9,-81,AmGuest1,02:10:f3:63:f7:67,4,-82,SP(2.4),ec:08:6b:38:11:af,10,-85,Techtrends,6c:f0:49:aa:44:a6,6,-87,,b4:5d:50:fb:7f:11,36,-87,BNAlab,c8:b3:73:37:6a:19,1,-87,,b4:5d:50:fb:7f:10,36,-88,MIRI_5,70:62:b8:34:15:47,48,-89,
2017-10-27 16:41:34,model=Lenovo PB2-690Y,32.16498918,34.81150309,34,14,DIRECT-71-HP OfficeJet 7510,64:51:06:f6:8a:7f,6,-70,,c0:ff:d4:7f:6b:6b,11,-79,Cellcom-WiFi_6549,a0:4f:d4:41:1d:e1,1,-81,David,14:ae:db:c7:78:85,1,-82,DIRECT-AD-HP OfficeJet Pro 8730,ee:8e:b5:09:8a:ad,8,-83,BezeqFree,06:ae:db:c7:78:85,1,-84,,88:dc:96:17:c1:5c,6,-86,DeCarlo_EXT,d8:fe:e3:b6:de:21,10,-86,Bizur_2.4,14:ae:db:36:82:35,6,-87,Villaguest,34:08:04:04:d0:1c,6,-87,TNCAPE5A34D,30:91:8f:ed:72:f7,11,-88,AppleWiFiSecure,f0:7f:06:68:aa:6e,36,-88,GA-Simba,20:4e:7f:27:b9:f4,11,-89,,f0:7f:06:68:aa:6c,36,-89
2017-10-27 16:41:37,model=Lenovo PB2-690Y,32.16521437,34.81157186,36,15,StratoGuests,00:35:1a:05:9c:71,6,-77,BezeqFree,06:ae:db:c7:78:85,1,-78,Howazit,1c:b9:c4:0f:44:b8,8,-78,Bizur_2.4,14:ae:db:36:82:35,6,-79,Stratoscale,00:35:1a:05:9c:70,6,-79,Aoffice,00:10:f3:63:f7:67,4,-81,BezeqFree,06:ae:db:b6:59:e5,1,-82,Bezeq,00:16:e3:f1:37:7d,6,-84,InnerEye,b8:62:1f:53:a1:5c,6,-84,HP-Print-C4-Officejet Pro 6830,70:5a:0f:02:dd:c4,6,-85,8084789,80:37:73:e6:96:d2,1,-85,SAMSUNG-PC_Network,b0:48:7a:eb:5f:98,3,-86,__Habad_2.4G,c4:a8:1d:14:58:39,1,-87,Voicesense_guest,90:6c:ac:aa:61:a2,11,-88,8084789_5,80:37:73:e6:96:d3,60,-90,
2017-10-27 16:41:40,model=Lenovo PB2-690Y,32.16539992,34.81160634,38,15,,f0:7f:06:68:c6:6d,48,-81,AppleWifi,f0:7f:06:68:c6:6f,48,-83,BEZEQINT-D131,14:ae:db:55:d1:35,11,-83,BeeComm,80:1f:02:81:07:ec,11,-84,Howazit,1c:b9:c4:0f:44:bc,36,-84,BEZEQINT-2F11,14:ae:db:4e:2f:15,6,-84,MIRI,70:62:b8:34:15:46,5,-85,KD_Office_2,74:da:38:2e:ab:c9,5,-86,HOTBOX-260D,7c:b7:33:bf:26:13,3,-87,AppleWifi,f0:7f:06:68:aa:6f,36,-87,winehouse_2.4,14:ae:db:ca:82:32,5,-87,DIRECT-9ZCLX-3300 Series,32:cd:a7:24:99:4a,11,-87,Mitrelli_Guest,2c:c5:d3:50:b1:b8,6,-89,bsh-Home-ADSL,50:57:a8:67:11:29,6,-89,,f0:7f:06:77:19:bc,48,-89
2017-10-27 16:41:43,model=Lenovo PB2-690Y,32.16550463,34.81160987,41,5,HeliconBooks,e8:cc:18:eb:7b:2b,6,-80,MOBIMIGHT,00:10:f3:64:7a:ee,1,-82,KDF,a8:f7:e0:09:13:a0,11,-85,  InnovationEndeavors,74:da:38:a9:1c:df,4,-86,HP-Print-82-LaserJet 200 color,68:94:23:24:b1:82,6,-86
2017-10-27 16:41:46,model=Lenovo PB2-690Y,32.16550639,34.81160925,41,4,  InnovationEndeavors,74:da:38:a9:1c:df,4,-79,KD_Office_3,74:da:38:b0:67:d6,4,-81,kiosk,14:ae:db:3d:28:7a,7,-81,,f4:ec:38:ec:bc:36,9,-89
2017-10-27 16:41:49,model=Lenovo PB2-690Y,32.16550181,34.81160525,35,7,KD_Office_2,74:da:38:2e:ab:c9,5,-78,DekelE,48:ee:0c:ea:e7:c8,6,-79,,f0:7f:06:68:c6:6c,48,-82,AppleWiFiSecure,f0:7f:06:68:c6:6e,48,-82,Gandyr-right,74:da:38:3b:d8:08,6,-82,AppleWifi,f0:7f:06:75:02:ef,48,-84,HP-Print-CF-Officejet Pro 8600,2c:59:e5:ee:6c:cf,6,-91
2017-10-27 16:41:52,model=Lenovo PB2-690Y,32.165498,34.81159983,39,3,office_rooter_2,74:da:38:6d:45:e8,1,-84,PDTC,c8:d3:a3:21:82:29,11,-88,officeefrat,90:8d:78:53:90:8f,11,-92
2017-10-27 16:41:55,model=Lenovo PB2-690Y,32.16549588,34.81159578,40,3,Rhodium-WiFi-guest,72:3a:cb:6a:d0:4c,6,-81,Rhodium-WiFi,70:3a:cb:6a:d0:4f,6,-84,ion_wireless,f8:1a:67:a2:f5:73,8,-84
2017-10-27 16:41:58,model=Lenovo PB2-690Y,32.16549778,34.81159538,40,4,Gold_Wifi,98:fc:11:84:3b:31,1,-86,,f0:7f:06:75:02:e3,1,-89,JOSHUA,14:ae:db:3d:c0:92,1,-90,HP-Print-97-LaserJet 400 MFP,74:29:af:74:f9:97,6,-90
2017-10-27 16:42:01,model=Lenovo PB2-690Y,32.16549769,34.8115991,40,2,,f0:7f:06:75:02:ed,48,-88,Rhodium-WiFi-guest,72:3a:cb:6a:ca:ac,1,-89
2017-10-27 16:42:04,model=Lenovo PB2-690Y,32.16549745,34.81160421,38,3,Playrix2.4G,f2:9f:c2:91:07:b0,11,-81,Glilot1,18:a6:f7:51:67:f8,4,-90,TP-LINK_7EA864,f4:f2:6d:7e:a8:64,11,-90
2017-10-27 16:42:07,model=Lenovo PB2-690Y,32.16549742,34.81160631,38,1,,e8:fc:af:9c:65:c1,1,-89
2017-10-27 16:42:10,model=Lenovo PB2-690Y,32.1654975,34.81160667,38,1,RealAP,f8:e7:1e:2e:5f:a8,8,-88
2017-10-27 16:42:16,model=Lenovo PB2-690Y,32.16549755,34.81160693,38,1,Bezeq Free,62:b0:ce:2f:4b:3c,1,-88
2017-10-27 16:42:28,model=Lenovo PB2-690Y,32.16549844,34.81159585,34,1,DIRECT-9ZCLX-3300 Series,32:cd:a7:24:99:4a,11,-82
2017-10-27 16:42:31,model=Lenovo PB2-690Y,32.16549714,34.811607,36,2,,f0:7f:06:02:21:3c,44,-84,AppleWifi,f0:7f:06:02:21:3f,44,-85
2017-10-27 16:42:34,model=Lenovo PB2-690Y,32.16550614,34.81158323,37,5,  InnovationEndeavors,74:da:38:a9:1c:df,4,-74,KD_Office_3,74:da:38:b0:67:d6,4,-76,,f0:7f:06:02:21:3d,44,-87,AppleWiFiSecure,f0:7f:06:02:21:3e,44,-87,DekelG,48:ee:0c:ea:e7:c9,6,-88
2017-10-27 16:42:37,model=Lenovo PB2-690Y,32.16552205,34.81157425,33,1,HP-Print-97-LaserJet 400 MFP,74:29:af:74:f9:97,6,-84
2017-10-27 16:42:40,model=Lenovo PB2-690Y,32.16555084,34.81156753,32,1,HP-Print-3D-Officejet Pro 6830,70:5a:0f:03:10:3d,11,-91
2017-10-27 16:42:43,model=Lenovo PB2-690Y,32.1657019,34.81153294,27,2,Rhodium-WiFi-guest,72:3a:cb:6a:ca:a8,149,-83,Rhodium-WiFi,70:3a:cb:6a:d0:4b,149,-84
2017-10-27 16:42:46,model=Lenovo PB2-690Y,32.1658524,34.81141188,27,8,Rhodium-WiFi-guest,72:3a:cb:6a:ca:ac,1,-82,RealAP,f8:e7:1e:2e:5f:a8,8,-83,GetAlert-GW,70:3a:cb:cf:36:69,11,-84,Edimax AP,80:1f:02:5d:a4:b8,11,-87,Stratoscale,00:35:1a:d3:50:20,1,-88,,f0:7f:06:68:aa:6d,36,-89,LIAT,14:ae:db:39:31:d5,11,-89,StratoGuests,00:35:1a:d3:50:21,1,-89
2017-10-27 16:42:49,model=Lenovo PB2-690Y,32.16592741,34.81108466,30,10,Playrix2.4G,f2:9f:c2:91:07:b0,11,-72,Rhodium-WiFi-guest,72:3a:cb:6a:d0:4c,6,-72,Rhodium-WiFi,70:3a:cb:6a:d0:4f,6,-75,HP-Print-82-LaserJet 200 color,68:94:23:24:b1:82,6,-81,Edimax AP,80:1f:02:5d:a4:b8,11,-81,east,00:24:6c:34:dc:40,11,-81,Hyundai,14:ae:db:c8:24:1d,1,-82,JOSHUA,14:ae:db:3d:c0:92,1,-84,Rhodium-WiFi,70:3a:cb:6a:ca:ae,1,-84,Idanktv_2.4,6c:b0:ce:2f:4b:3f,1,-85
2017-10-27 16:42:52,model=Lenovo PB2-690Y,32.16603024,34.81070264,31,12,KD_Office_2,74:da:38:2e:ab:c9,5,-70,east,00:24:6c:34:dc:40,11,-74,DELL_Guest,00:24:6c:34:dc:41,11,-74,RealAP,f8:e7:1e:2e:5f:a8,8,-77,CORP-W1F1,84:3d:c6:c7:eb:03,9,-81,real,74:a2:e6:c3:77:71,3,-81,dbwguest,ce:d7:19:0e:ff:95,11,-81,Pivotal,84:3d:c6:c7:eb:0b,9,-82,EMC-Corp,84:3d:c6:c7:eb:04,9,-83,DELL_Guest,84:3d:c6:c7:eb:01,9,-83,David,14:ae:db:c7:78:85,1,-84,EMC-Open,84:3d:c6:c7:eb:07,9,-84
2017-10-27 16:42:55,model=Lenovo PB2-690Y,32.16617002,34.81029415,30,15,KD_Office_3,74:da:38:b0:67:d6,4,-74,SECUBIT2017,88:dc:96:2a:5d:00,6,-76,GFCM,14:ae:db:32:d5:c2,4,-77,HP-nomodel.D169B3,02:27:f7:29:70:28,6,-78,Howazit,1c:b9:c4:0f:44:b8,8,-80,Gandyr-right,74:da:38:3b:d8:08,6,-80,bi-lilly,68:86:a7:53:76:14,6,-80,Telekom,68:86:a7:53:76:10,6,-80,bi-automation,68:86:a7:53:76:12,6,-81,Rhodium-WiFi-guest,72:3a:cb:6a:ca:ac,1,-82,Bizur_2.4,14:ae:db:36:82:35,6,-83,Rhodium-WiFi-guest,72:3a:cb:6a:ca:a8,149,-83,Training Room,8e:15:54:ac:d4:e4,44,-83,kiosk,14:ae:db:3d:28:7a,7,-84,Rhodium-WiFi,70:3a:cb:6a:d0:4b,149,-84,
2017-10-27 16:42:58,model=Lenovo PB2-690Y,32.1663079,34.80996014,28,15,Rhodium-WiFi-guest,72:3a:cb:6a:d0:4c,6,-72,Rhodium-WiFi,70:3a:cb:6a:d0:4f,6,-75,Playrix2.4G,f2:9f:c2:91:07:b0,11,-75,Training Room,8e:15:44:ac:d4:e4,6,-75,bacapital,6c:b0:ce:ab:5a:a1,1,-76,Call Center,88:15:44:ac:d4:e4,6,-77,PitaroHecht,00:02:6f:bf:86:cc,1,-77,FlixU,cc:b2:55:e5:ce:f3,6,-79,Call Center,8a:15:54:ac:d4:e4,44,-80,Pitarohecht,24:a2:e1:f2:12:76,6,-80,HP-Print-82-LaserJet 200 color,68:94:23:24:b1:82,6,-81,Edimax AP,80:1f:02:5d:a4:b8,11,-81,Hyundai,14:ae:db:c8:24:1d,1,-82,KD_Guest,90:6c:ac:aa:1f:12,1,-83,sulam,90:6c:ac:c7:95:cd,11,-83,
2017-10-27 16:43:01,model=Lenovo PB2-690Y,32.16643649,34.80965132,28,15,KD_Office_2,74:da:38:2e:ab:c9,5,-70,east,00:24:6c:34:dc:40,11,-74,DELL_Guest,00:24:6c:34:dc:41,11,-74,RealAP,f8:e7:1e:2e:5f:a8,8,-77,HP-Print-b7-LaserJet 300,34:23:87:36:c9:b7,1,-77,Ezbob_WiFi,00:02:6f:12:34:56,11,-78,Ezbob_Guest,06:02:6f:12:34:56,1,-78,CORP-W1F1,84:3d:c6:c7:eb:03,9,-81,Pivotal,84:3d:c6:c7:eb:0b,9,-82,EMC-Corp,84:3d:c6:c7:eb:04,9,-83,DELL_Guest,84:3d:c6:c7:eb:01,9,-83,MyStoriez_2.4,14:ae:db:3d:d5:f2,10,-83,SECUBIT2017,88:dc:96:2a:5c:fe,11,-83,EMC-Open,84:3d:c6:c7:eb:07,9,-84,dbwguest,ce:d7:19:0e:ff:95,11,-84,
2017-10-27 16:43:04,model=Lenovo PB2-690Y,32.16655618,34.80938792,28,7,Pitarohecht,00:02:6f:a6:f1:f3,1,-72,CMT-ALap,94:10:3e:a8:34:a0,36,-81,Pitarohecht,5c:83:8f:33:b9:e8,1,-85,Efrat Networks MM,94:f6:65:5b:b2:28,5,-86,4GT,82:4c:a5:1a:65:2b,11,-87,CMT-Guests,70:4c:a5:1a:65:2b,11,-88,PushApps,14:ae:db:39:b3:6d,1,-88
2017-10-27 16:43:07,model=Lenovo PB2-690Y,32.16665222,34.8092036,31,15,SECUBIT2017,88:dc:96:2a:5d:00,6,-76,GFCM,14:ae:db:32:d5:c2,4,-77,HP-nomodel.D169B3,02:27:f7:29:70:28,6,-78,Training Room,8e:15:54:ac:d4:e4,44,-79,bi-lilly,68:86:a7:53:76:14,6,-80,Telekom,68:86:a7:53:76:10,6,-80,bi-automation,68:86:a7:53:76:12,6,-81,HP-Print-A0-LaserJet Pro MFP,30:f7:72:6e:8e:a0,6,-82,IDC-Wireless,e0:10:7f:09:2f:e8,6,-84,GFCM_5,14:ae:db:32:d5:c5,48,-86,IDC,9c:1c:12:ab:f1:b1,52,-88,wifi in car-1794,08:97:58:33:b7:cc,1,-88,Pitarohecht,00:02:6f:9d:a3:f3,1,-88,rdm,9c:1c:12:ab:f1:b0,52,-89,Christine,f0:7d:68:fd:97:39,6,-90
2017-10-27 16:43:10,model=Lenovo PB2-690Y,32.16667408,34.80916402,30,1,HP-Print-A0-LaserJet Pro MFP,30:f7:72:6e:8e:a0,6,-77
2017-10-27 16:43:20,model=Lenovo PB2-690Y,32.16664266,34.80919318,29,4,Bezeq2.4,14:ae:db:b3:7b:65,6,-89,win-teuch,c4:12:f5:83:3a:88,1,-90,DBSI,1c:b9:c4:4f:2f:08,1,-90,ASUS,d0:17:c2:60:e7:38,3,-91
2017-10-27 16:43:29,model=Lenovo PB2-690Y,32.16659883,34.80915815,31,2,Kopel,00:1d:aa:e2:1a:c0,6,-90,Ezbob_Guest,0a:8d:db:65:89:a9,1,-93
2017-10-27 16:43:46,model=Lenovo PB2-690Y,32.16685391,34.80870372,30,4,RTI 15,10:fe:ed:62:9e:5c,5,-87,bacapital,6c:b0:ce:ab:5a:a1,1,-88,kaymeraQA,00:f6:63:3a:f4:80,1,-88,Candan,c0:ff:d4:7b:82:30,1,-88
2017-10-27 16:43:49,model=Lenovo PB2-690Y,32.16699544,34.80837223,30,5,CMT-ALap,94:10:3e:a8:34:a0,36,-83,Pitarohecht,00:02:6f:a6:f1:f3,1,-84,KaymeraDev,00:f6:63:3a:f4:81,1,-88,HP-Print-b7-LaserJet 300,34:23:87:36:c9:b7,1,-89,KaymeraGuest,00:f6:63:3a:f4:82,1,-89
2017-10-27 16:43:52,model=Lenovo PB2-690Y,32.16713001,34.8080524,30,7,BlueSnap-Guest-2.4GHz,00:02:6f:bb:fd:ac,1,-85,HP-Print-A0-LaserJet Pro MFP,30:f7:72:6e:8e:a0,6,-87,ASUS,d0:17:c2:60:e7:38,3,-87,DBSI,1c:b9:c4:4f:2f:08,1,-87,CArgentina,30:b5:c2:bd:55:32,2,-88,Efrat Networks NC,00:1d:aa:34:1e:58,11,-89,Bezeq2.4,14:ae:db:b3:7b:65,6,-90
2017-10-27 16:43:58,model=Lenovo PB2-690Y,32.16742305,34.80797478,27,1,Rabia,30:b5:c2:bd:51:9e,7,-94
2017-10-27 16:44:01,model=Lenovo PB2-690Y,32.16767541,34.8081139,25,5,VIKI,cc:b2:55:e9:be:78,6,-87,Sweetb_2.4.,10:5a:f7:00:91:91,11,-90,Bond-MidFloor,30:b5:c2:25:dc:ae,4,-92,Assor_wifi,14:ae:db:a4:5b:a2,9,-94,BezeqFree,14:af:db:a4:5b:a2,9,-95
2017-10-27 16:44:04,model=Lenovo PB2-690Y,32.1679589,34.80821265,23,6,Home.,a0:ab:1b:62:a7:bc,1,-88,kaymeraQA,00:f6:63:3a:f4:80,1,-89,INGENEO,cc:b2:55:e8:4c:e6,6,-89,Rabia,30:b5:c2:bd:52:40,6,-89,Candan,c0:ff:d4:7b:82:30,1,-90,Assor_wifi,18:d6:c7:fb:1a:2f,9,-96
2017-10-27 16:44:07,model=Lenovo PB2-690Y,32.16811955,34.80827012,24,3,BENY PUR,d8:fe:e3:03:c7:b1,6,-85,Bezeq-N_2db33b,fc:75:16:2d:b3:3c,6,-89,frenkel,48:ee:0c:3f:38:55,4,-92
2017-10-27 16:44:10,model=Lenovo PB2-690Y,32.16811582,34.80839219,24,2,shogol,fc:b4:e6:d1:a8:ce,1,-92,ORBI Tal,a2:3d:cf:fb:0c:b8,8,-94
2017-10-27 16:44:13,model=Lenovo PB2-690Y,32.16806933,34.80861988,22,4,susanne,14:ae:db:b5:94:35,11,-91,cohen,cc:b2:55:68:0b:2a,6,-93,Bezeq Free,52:62:b8:32:9d:ec,6,-93,EL,14:ae:db:3d:b1:52,9,-94
2017-10-27 16:44:16,model=Lenovo PB2-690Y,32.16801169,34.8089357,22,3,cohen,cc:b2:55:68:0b:2a,6,-86,ruth22,8c:59:c3:ea:2c:22,1,-86,Tami1975 2.4 !,70:62:b8:32:9d:ef,6,-92
2017-10-27 16:44:19,model=Lenovo PB2-690Y,32.16794249,34.80927624,23,9,Bezeq-N_2db33b,fc:75:16:2d:b3:3c,6,-86,INGENEO,cc:b2:55:e8:4c:e6,6,-87,Candan,c0:ff:d4:7b:82:30,1,-89,frenkel,48:ee:0c:3f:38:55,4,-90,Bond-MidFloor,30:b5:c2:25:dc:ae,4,-92,TP-LINK_B573C0,30:b5:c2:b5:73:c0,4,-92,BezeqFree,14:af:db:a4:5b:a2,9,-93,Assor_wifi,14:ae:db:a4:5b:a2,9,-94,Assor_wifi,18:d6:c7:fb:1a:2f,9,-96
2017-10-27 16:44:22,model=Lenovo PB2-690Y,32.16788634,34.80957568,23,5,Erez Man,e4:8d:8c:7f:3d:0d,1,-82,shogol,fc:b4:e6:d1:a8:ce,1,-89,Erez Man,6c:3b:6b:76:4e:e1,1,-90,Coffee.LAN,90:6c:ac:21:35:8b,11,-91,ORBI Tal,a2:3d:cf:fb:0c:b8,8,-94
2017-10-27 16:44:25,model=Lenovo PB2-690Y,32.16783602,34.80980176,26,4,Erez Man,e4:8d:8c:7f:3d:0d,1,-77,Bezeq Free,52:62:b8:32:9d:ec,6,-92,susanne,14:ae:db:b5:94:35,11,-93,EL,14:ae:db:3d:b1:52,9,-94
2017-10-27 16:44:28,model=Lenovo PB2-690Y,32.16777844,34.80989215,25,1,888Corp,8e:15:54:a9:32:e6,40,-88
2017-10-27 16:44:41,model=Lenovo PB2-690Y,32.16762951,34.80987893,31,3,888Guest,02:8d:db:6e:71:bf,1,-83,Efrat Networks MM,94:f6:65:5b:b2:28,5,-87,