Time,ID,Lat,Lon,Alt,#Wifi networks,SSID1,MAC1,Frequncy1,Signal1,SSID2,MAC2,Frequncy2,Signal2,SSID3,MAC3,Frequncy3,Signal3,SSID4,MAC4,Frequncy4,Signal4,SSID5,MAC5,Frequncy5,Signal5,SSID6,MAC6,Frequncy6,Signal6,SSID7,MAC7,Frequncy7,Signal7,SSID8,MAC8,Frequncy8,Signal8,SSID9,MAC9,Frequncy9,Signal9,SSID10,MAC10,Frequncy10,Signal10
2017-10-27 16:12:01,model=Lenovo PB2-690Y,32.16857397,34.81328609,-9,2,ben moshe,b4:ee:b4:36:d2:b0,1,-51,ben moshe,b0:b2:8f:37:ba:c7,1,-62
2017-10-27 16:14:37,model=Lenovo PB2-690Y,32.16866695,34.81322274,38,9,Robert1,3c:1e:04:03:7f:17,1,-81,Howmanyistwo,74:da:38:50:77:f2,2,-83,tslila,c4:3d:c7:5a:79:1c,11,-87,BezeqFree,6a:12:f5:f9:5e:71,8,-90,osnatg370,c0:ac:54:f5:7b:a7,11,-90,OP2,a0:63:91:69:f6:af,1,-92,NGOGA,30:b5:c2:fe:aa:56,6,-92,DIRECT-35-HP DeskJet 3830 series,98:e7:f4:c6:4b:37,6,-93,HUAWEI-C7FB,48:db:50:34:c7:fb,1,-94
2017-10-27 16:14:52,model=Lenovo PB2-690Y,32.16868001,34.81321794,39,2,DIRECT-35-HP DeskJet 3830 series,98:e7:f4:c6:4b:37,6,-87,Ester,f8:e9:03:13:74:ee,1,-96
2017-10-27 16:15:07,model=Lenovo PB2-690Y,32.16868528,34.81321713,40,2,BezeqFree,6a:12:f5:f9:5e:71,8,-85,hilda,00:02:6f:eb:a0:f4,11,-92
2017-10-27 16:15:37,model=Lenovo PB2-690Y,32.16882634,34.81238415,40,6,DIRECT-A5-HP DeskJet 4670 series,fc:3f:db:7e:60:a6,10,-81,LANDAU HOME,58:f3:9c:62:d2:60,1,-87,May,14:cc:20:eb:cb:c6,1,-90,HOTBOX-D1D7,fc:b4:e6:cf:d1:dd,1,-90,HOTBOX-72B6,7c:03:4c:ba:bf:55,6,-90,AEH-W4A1-b0411d287904,b0:41:1d:28:79:04,8,-96
2017-10-27 16:15:52,model=Lenovo PB2-690Y,32.16874744,34.8109599,41,10,HOTBOX111,90:f6:52:28:38:19,11,-71,HOTBOX111,c0:ac:54:f6:ae:5e,11,-76DIRECT-A5-HP DeskJet 4670 series,fc:3f:db:7e:60:a6,10,-81Nomi Fix WIFI,c4:6e:1f:30:2b:7c,1,-84BezeqFree,6a:12:f5:f9:5e:71,8,-85Robert1,3c:1e:04:03:7f:17,1,-86Howmanyistwo,74:da:38:50:77:f2,2,-87LANDAU HOME,58:f3:9c:62:d2:60,1,-87DIRECT-33-HP OfficeJet 6950,98:e7:f4:00:94:35,6,-87NGOGA,30:b5:c2:fe:aa:56,6,-88
2017-10-27 16:16:07,model=Lenovo PB2-690Y,32.1682687,34.81030598,45,7,BARON WIFI 2.4,60:e3:27:bf:a1:a5,11,-80,Oberyn Martell,18:d6:c7:fb:1c:0e,8,-83,simon,e4:6f:13:73:0a:c2,8,-87,GUYFI,c8:60:00:b1:d4:50,3,-90,Rina,00:26:5a:77:8c:db,6,-90,HP-Print-a2-LaserJet 400 color,e4:d5:3d:7d:d6:a2,6,-90,terry_ap,5c:83:8f:33:bd:68,1,-91
2017-10-27 16:16:22,model=Lenovo PB2-690Y,32.16763949,34.80988697,45,10,HOTBOX111,90:f6:52:28:38:19,11,-71,HOTBOX111,c0:ac:54:f6:ae:5e,11,-76888Free,06:8d:db:6e:71:6d,1,-80CEO-WiFi_2.4,c4:12:f5:80:24:0b,1,-82888Free,06:8d:db:6e:71:bf,1,-82Nomi Fix WIFI,c4:6e:1f:30:2b:7c,1,-84BezeqFree,6a:12:f5:f9:5e:71,8,-85smartsell,78:e8:b6:69:2c:91,1,-85888Free,06:8d:db:6e:71:be,11,-85Robert1,3c:1e:04:03:7f:17,1,-86
2017-10-27 16:16:31,model=Lenovo PB2-690Y,32.16762928,34.80987929,45,8,MOULY MAISON,00:78:9e:fa:15:91,1,-74,Shaked-Guest WiFi,b0:aa:77:f1:3a:68,11,-83,888Guest,02:8d:db:6e:71:be,11,-84,888Corp,0a:8d:db:6e:71:bf,1,-85,888Corp,0a:8d:db:6e:71:be,11,-86,DIRECT-a8-HP M477 LaserJet,aa:6b:ad:04:c6:a8,6,-87,888Guest,02:8d:db:6e:71:6d,1,-87,HP-Print-f3-LaserJet 300,64:27:37:77:d1:f3,6,-94
2017-10-27 16:16:34,model=Lenovo PB2-690Y,32.16762991,34.80987749,45,4,Mouly,7c:b7:33:2e:76:73,11,-81,Efrat Networks MM,94:f6:65:5b:b2:28,5,-87,888Guest,02:8d:db:6e:71:bf,1,-88,Guest Neetwork MM,94:f6:65:1b:b2:28,5,-90
2017-10-27 16:16:37,model=Lenovo PB2-690Y,32.1676301,34.80987737,45,1,888Corp,0a:8d:cb:6e:71:be,44,-87
2017-10-27 16:16:40,model=Lenovo PB2-690Y,32.16763013,34.80987707,45,2,lavel-2,74:da:38:ae:91:7b,2,-90,smartsell,78:e8:b6:69:2a:e9,11,-90
2017-10-27 16:16:43,model=Lenovo PB2-690Y,32.1676581,34.80985926,43,1,888Guest,02:8d:db:6e:71:6d,1,-81
2017-10-27 16:16:46,model=Lenovo PB2-690Y,32.16766611,34.80987825,40,1,888Corp,0a:8d:db:6e:71:be,11,-81
2017-10-27 16:17:04,model=Lenovo PB2-690Y,32.16769849,34.80987688,37,1,Candan,c0:ff:d4:7b:82:30,1,-88
2017-10-27 16:17:07,model=Lenovo PB2-690Y,32.16769841,34.80987687,37,1,888Corp,0a:8d:cb:6e:71:6d,44,-89
2017-10-27 16:17:10,model=Lenovo PB2-690Y,32.16769749,34.80987711,37,8,DIRECT-a8-HP M477 LaserJet,aa:6b:ad:04:c6:a8,6,-72,Shaked-Guest WiFi,b0:aa:77:f1:3a:68,11,-77,smartsell,78:e8:b6:69:2a:e9,11,-80,888Free,06:8d:cb:6e:71:6d,44,-80,888Corp,0a:8d:db:6e:71:6d,1,-81,888Guest,02:8d:cb:6e:71:6d,44,-81,888Corp,0a:8d:cb:6e:71:6d,44,-83,888Corp,0a:8d:cb:6e:71:bf,44,-84
2017-10-27 16:17:13,model=Lenovo PB2-690Y,32.16769734,34.80987698,37,4,smartsell,78:e8:b6:69:2c:91,1,-79,888Guest,02:8d:cb:6e:71:be,44,-81,888Corp,0a:8d:cb:6e:71:be,44,-82,888Free,06:8d:cb:6e:71:be,44,-82
2017-10-27 16:17:21,model=Lenovo PB2-690Y,32.16767283,34.80988807,38,1,INGENEO,cc:b2:55:e8:4c:e6,6,-90
2017-10-27 16:17:39,model=Lenovo PB2-690Y,32.16765545,34.80988103,39,1,kaymeraQA,cc:16:7e:97:1d:90,1,-95
2017-10-27 16:17:42,model=Lenovo PB2-690Y,32.16765024,34.80987851,39,1,888Guest,02:8d:db:6e:71:c1,11,-94
2017-10-27 16:17:45,model=Lenovo PB2-690Y,32.16764789,34.80987743,39,2,888Free,06:8d:db:6e:71:c1,11,-89,888Corp,0a:8d:db:6e:71:c1,11,-90
2017-10-27 16:17:51,model=Lenovo PB2-690Y,32.1676438,34.80988461,38,1,HP-Print-f3-LaserJet 300,64:27:37:77:d1:f3,6,-89
2017-10-27 16:17:54,model=Lenovo PB2-690Y,32.16764348,34.80988548,38,1,CArgentina,30:b5:c2:bd:55:32,2,-99
2017-10-27 16:18:12,model=Lenovo PB2-690Y,32.16765045,34.80989099,43,1,EL,14:ae:db:3d:b1:52,9,-90
2017-10-27 16:18:15,model=Lenovo PB2-690Y,32.16764667,34.80989195,41,1,888Guest,02:8d:db:6e:71:c1,11,-88
2017-10-27 16:18:20,model=Lenovo PB2-690Y,32.16764889,34.80989229,39,1,,02:8d:db:6e:71:da,11,-93
2017-10-27 16:18:35,model=Lenovo PB2-690Y,32.16764549,34.80988907,41,1,Gini_Router_R1_LTE,8c:44:35:0f:27:57,1,-88
2017-10-27 16:18:42,model=Lenovo PB2-690Y,32.16739532,34.80953943,38,3,lavel-2,74:da:38:ae:91:7b,2,-83,Rainbow Guest,a2:6c:ac:f3:6a:69,5,-93,Rainbow Medical,90:6c:ac:f3:6a:69,5,-94
2017-10-27 16:18:45,model=Lenovo PB2-690Y,32.1672194,34.80930495,37,4,INGENEO,cc:b2:55:e8:4c:e6,6,-80,HP-Print-A0-LaserJet Pro MFP,30:f7:72:6e:8e:a0,6,-87,cactus,a0:4f:d4:42:ba:71,1,-88,kaymeraQA,00:f6:63:15:58:80,1,-88
2017-10-27 16:18:48,model=Lenovo PB2-690Y,32.16702914,34.80908431,37,3,BlueSnap-Guest-2.4GHz,00:02:6f:bb:fd:ac,1,-84,Pitarohecht,00:02:6f:a6:f1:f3,1,-85,CArgentina,30:b5:c2:bd:55:32,2,-90
2017-10-27 16:18:51,model=Lenovo PB2-690Y,32.16690648,34.80890812,35,1,EL,14:ae:db:3d:b1:52,9,-79
2017-10-27 16:18:54,model=Lenovo PB2-690Y,32.16686569,34.8088424,35,10,BlueSnap-Guest-2.4GHz,00:02:6f:bb:fd:ac,1,-77,HRZBOUTIKUE,14:ae:db:a3:90:15,11,-77HP-Print-A0-LaserJet Pro MFP,30:f7:72:6e:8e:a0,6,-82888Free,06:8d:db:6e:71:6d,1,-84888Guest,02:8d:db:6e:71:6d,1,-85888Corp,0a:8d:db:6e:71:6d,1,-86Bezeq2.4,14:ae:db:b3:7b:65,6,-86888Guest,02:8d:db:6e:71:be,11,-88Guest Neetwork MM,94:f6:65:1b:b2:28,5,-88Mouly,7c:b7:33:2e:76:73,11,-89
2017-10-27 16:18:57,model=Lenovo PB2-690Y,32.16681721,34.80873304,35,3,CMT-ALap,94:10:3e:a8:34:a0,36,-85,ASUS,d0:17:c2:60:e7:38,3,-88,Training Room,8e:15:44:ac:d4:e4,6,-93
2017-10-27 16:19:00,model=Lenovo PB2-690Y,32.16688561,34.80854031,36,9,HOTFiber-2017,18:1e:78:86:00:63,1,-81,HOTFiber-2017,08:6a:0a:37:66:66,1,-86,Efrat Networks NC,00:1d:aa:34:1e:58,11,-86,KaymeraGuest,00:f6:63:3a:f4:82,1,-87,kaymeraQA,00:f6:63:3a:f4:80,1,-88,,fa:8f:ca:93:a5:64,6,-88,0506679780,5a:fe:e3:03:c7:b3,6,-90,BENY PUR,d8:fe:e3:03:c7:b1,6,-91,BlueSnap-Guest-2.4GHz,c0:56:27:a0:6c:9a,3,-95
2017-10-27 16:19:03,model=Lenovo PB2-690Y,32.16703096,34.80820926,34,2,INGENEO,cc:b2:55:e8:4c:e6,6,-81,gigi1932,8c:59:c3:a2:9d:69,11,-84
2017-10-27 16:19:06,model=Lenovo PB2-690Y,32.1671744,34.80782731,35,10,HRZBOUTIKUE,14:ae:db:a3:90:15,11,-77,EL,14:ae:db:3d:b1:52,9,-79BlueSnap-Guest-2.4GHz,00:02:6f:bb:fd:ac,1,-82Bezeq2.4,14:ae:db:b3:7b:65,6,-86HP-Print-A0-LaserJet Pro MFP,30:f7:72:6e:8e:a0,6,-87Home.,a0:ab:1b:62:a7:bc,1,-90Efrat Networks MM,94:f6:65:5b:b2:28,5,-91bacapital,6c:b0:ce:ab:5a:a1,1,-91DIRECT-EA-HP OfficeJet Pro 6960,30:e1:71:c5:17:eb,6,-91Pitarohecht,00:02:6f:a6:f1:f3,1,-96
2017-10-27 16:19:09,model=Lenovo PB2-690Y,32.16733646,34.80739313,38,10,Home.,a0:ab:1b:62:a7:bc,1,-80,Rabia,30:b5:c2:bd:52:40,6,-84CMT-ALap,94:10:3e:a8:34:a0,36,-85HOTFiber-2017,18:1e:78:86:00:63,1,-85Efrat Networks NC,00:1d:aa:34:1e:58,11,-86NIZZA333,c0:ac:54:f5:e9:c8,11,-86HOTFiber-2017,08:6a:0a:37:66:66,1,-87KaymeraGuest,00:f6:63:3a:f4:82,1,-87ASUS,d0:17:c2:60:e7:38,3,-88,fa:8f:ca:93:a5:64,6,-88
2017-10-27 16:19:12,model=Lenovo PB2-690Y,32.16749167,34.80697148,39,9,Barda_2,74:da:38:56:ed:e0,1,-81,Heifes,20:0c:c8:10:c8:11,1,-81,Bezeq Free D02536,72:0c:c8:10:c8:12,1,-81,edimax_repeater,74:da:38:50:ce:4c,2,-83,gigi1932,8c:59:c3:a2:9d:69,11,-84,INGENEO,cc:b2:55:e8:4c:e6,6,-85,Vexlerar,e4:6f:13:70:97:c4,9,-90,Ester_wifi,84:26:15:eb:2d:b3,11,-91,samra,00:8c:54:8e:39:81,11,-96
2017-10-27 16:19:15,model=Lenovo PB2-690Y,32.16762402,34.80660841,40,5,BlueSnap-Guest-2.4GHz,00:02:6f:bb:fd:ac,1,-82,HP-Print-A0-LaserJet Pro MFP,30:f7:72:6e:8e:a0,6,-87,EL,14:ae:db:3d:b1:52,9,-88,Casa1,f4:6b:ef:e2:2c:1f,11,-93,Pitarohecht,00:02:6f:a6:f1:f3,1,-96
2017-10-27 16:19:18,model=Lenovo PB2-690Y,32.16772332,34.80631515,41,10,Home.,a0:ab:1b:62:a7:bc,1,-80,HOTFiber-2017,18:1e:78:86:00:63,1,-85NIZZA333,c0:ac:54:f5:e9:c8,11,-86HOTFiber-2017,08:6a:0a:37:66:66,1,-87Rabia,30:b5:c2:bd:52:40,6,-89IDO,c4:e9:84:27:0c:aa,11,-89Candan,c0:ff:d4:7b:82:30,1,-89HP-Print-FB-Officejet Pro 8610,fc:3f:db:f1:00:fb,6,-90MoragUP,50:c7:bf:8e:67:66,1,-90kaymeraQA,00:f6:63:3a:f4:80,1,-92
2017-10-27 16:19:24,model=Lenovo PB2-690Y,32.16781318,34.80615399,40,3,Annatel_3372,74:da:38:a9:0c:3e,2,-88,DIRECT-17-HP DeskJet 3830 series,94:57:a5:4a:f4:89,11,-90,shor_Ext,e2:91:f5:b6:ec:a8,11,-91
2017-10-27 16:19:27,model=Lenovo PB2-690Y,32.16783735,34.80613712,39,1,Home,14:ae:db:53:0c:2d,6,-91
2017-10-27 16:19:32,model=Lenovo PB2-690Y,32.16784549,34.80612795,39,1,Hazan_Home,18:d6:c7:ef:1e:a4,11,-89
2017-10-27 16:19:38,model=Lenovo PB2-690Y,32.16799325,34.80577507,40,2,Bezeq Free D02536,72:0c:c8:10:c8:12,1,-92,Heifes,20:0c:c8:10:c8:11,1,-94
2017-10-27 16:19:44,model=Lenovo PB2-690Y,32.16808238,34.80498734,40,7,BezeqFree,62:8d:78:50:6a:13,11,-84,gabriel,90:8d:78:50:6a:12,11,-85,gabriel,48:ee:0c:ea:e7:f0,6,-86,shlomo1,00:8c:54:8f:59:51,6,-86,Annatel_3372,74:da:38:a9:0c:3e,2,-89,Hazan_Home,18:d6:c7:ef:1e:a4,11,-89,Home,14:ae:db:53:0c:2d,6,-91
2017-10-27 16:19:47,model=Lenovo PB2-690Y,32.16811014,34.80456402,39,9,hagit_2.4,6c:b0:ce:33:a4:d5,1,-88,Mwanza,48:ee:0c:3e:cb:98,3,-88,Bezeq Free,5a:b0:ce:33:a4:d6,1,-88,Tamara,14:ae:db:b0:41:25,11,-89,Home2,ac:f1:df:9d:f7:91,11,-90,Heifes,20:0c:c8:10:c8:11,1,-92,Bezeq Free D02536,72:0c:c8:10:c8:12,1,-92,Grosman_sec,c4:a8:1d:13:61:b5,1,-92,ida,c0:c1:c0:ce:4d:06,11,-92
2017-10-27 16:19:50,model=Lenovo PB2-690Y,32.16815321,34.80414284,39,3,HP-Print-36-Officejet Pro 6830,dc:4a:3e:be:0a:36,11,-84,irit,c0:ac:54:f7:82:21,11,-86,zina 1932,c0:ac:54:f8:b3:93,11,-90
2017-10-27 16:19:53,model=Lenovo PB2-690Y,32.16821204,34.80379573,40,10,BezeqFree,62:8d:78:50:6a:13,11,-84,gabriel,90:8d:78:50:6a:12,11,-85gabriel,48:ee:0c:ea:e7:f0,6,-86Biana_n,14:ae:db:b2:8e:75,11,-86shlomo1,00:8c:54:8f:59:51,6,-90klara-012,c4:12:f5:fd:d1:94,2,-90gregori120,f8:d1:11:35:00:4a,6,-91netbo1,d0:d4:12:68:0a:0a,11,-92TP-LINK_UKTVWATCH_EXT,8a:1b:5e:83:d7:c2,8,-93Armond,a0:ab:1b:59:3b:00,1,-94
2017-10-27 16:19:56,model=Lenovo PB2-690Y,32.16824883,34.80357351,39,4,klara-012,c4:12:f5:fd:d1:94,2,-84,anna2.4,a0:ab:1b:62:76:ac,2,-88,DIRECT-06-HP OfficeJet Pro 8710,70:5a:0f:a2:3f:61,6,-91,gella555,00:22:b0:75:7d:eb,6,-91
2017-10-27 16:19:59,model=Lenovo PB2-690Y,32.16825198,34.80351026,38,9,HOT123,c0:ac:54:f6:c5:4b,1,-87,hagit_2.4,6c:b0:ce:33:a4:d5,1,-88,ida,c0:c1:c0:ce:4d:06,11,-88,Mwanza,48:ee:0c:3e:cb:98,3,-88,Bezeq Free,5a:b0:ce:33:a4:d6,1,-88,Tamara,14:ae:db:b0:41:25,11,-90,Home2,ac:f1:df:9d:f7:91,11,-90,Grosman_sec,c4:a8:1d:13:61:b5,1,-92,Bezeq-N_c5c5a1,5c:d9:98:c5:c5:a2,6,-93
2017-10-27 16:20:03,model=Lenovo PB2-690Y,32.16826063,34.80352491,38,4,DIRECT-06-HP OfficeJet Pro 8710,70:5a:0f:a2:3f:61,6,-84,Student,82:2a:a8:18:13:88,11,-90,svetlana,14:ae:db:44:c5:45,6,-92,smadarwifi,80:2a:a8:18:13:88,11,-93
2017-10-27 16:20:22,model=Lenovo PB2-690Y,32.16825268,34.80336019,35,4,opus7,c4:12:f5:84:50:40,8,-84,BezeqFree,6a:12:f5:84:50:41,8,-85,tania_2.4,70:62:b8:31:1d:80,11,-89,HOTBOX,7c:03:4c:fe:ba:1b,1,-93
2017-10-27 16:20:25,model=Lenovo PB2-690Y,32.16826319,34.80313113,35,1,klara-012,c4:12:f5:fd:d1:94,2,-77
2017-10-27 16:20:28,model=Lenovo PB2-690Y,32.16827825,34.80290377,35,4,elneuron,e8:fc:af:92:b9:87,1,-91,bz46564990,48:ee:0c:3a:19:c7,10,-92,smadarwifi,44:d9:e7:04:ff:2d,6,-92,770,ec:22:80:b3:2e:10,6,-92
2017-10-27 16:20:31,model=Lenovo PB2-690Y,32.16829847,34.80263893,35,10,GRATCH,04:bd:88:01:59:a0,11,-82,elneuron,e8:fc:af:92:b9:87,1,-84hertzlia,3c:1e:04:04:4f:91,11,-85Biana_n,14:ae:db:b2:8e:75,11,-86Student,56:d9:e7:f3:03:78,48,-87smadarwifi,44:d9:e7:04:ff:fa,11,-87dserota,00:1b:9e:7a:43:13,6,-88vue sur mer_2.4,a4:2b:8c:98:db:d2,1,-89netbo1,d0:d4:12:68:0a:0a,11,-93SHURSH,00:22:3f:80:0d:4e,9,-93
2017-10-27 16:20:34,model=Lenovo PB2-690Y,32.16831093,34.80237038,35,10,elneuron,e8:fc:af:92:b9:87,1,-77,hagit_2.4,6c:b0:ce:33:a4:d5,1,-78Bezeq Free,5a:b0:ce:33:a4:d6,1,-81GRATCH,04:bd:88:00:fc:00,11,-81HP-Print-C4-Officejet Pro 6830,28:80:23:cf:e9:c4,6,-83770,ec:22:80:b3:2e:10,6,-84BezeqFree,06:ae:db:b1:ac:0d,11,-84rrl,c0:ff:d4:7b:6b:c2,11,-84HOTBOX-9A33,fc:b4:e6:d2:9a:39,1,-85770,14:ae:db:b1:ac:0d,11,-88
2017-10-27 16:20:37,model=Lenovo PB2-690Y,32.1683407,34.80209549,34,10,HOTBOX-81C2,7c:03:4c:ba:aa:42,6,-77,GRATCH,04:bd:88:00:e1:40,1,-81vue sur mer_2.4,a4:2b:8c:98:db:d2,1,-83HomeVFS,7c:b7:33:bf:bb:5f,6,-83klara-012,c4:12:f5:fd:d1:94,2,-84opus7,c4:12:f5:84:50:40,8,-86BezeqFree,6a:12:f5:84:50:41,8,-86GRATCH,04:bd:88:00:e1:50,36,-88DIRECT-90-HP DeskJet 3630 series,70:5a:0f:5b:0f:91,11,-88tania_2.4,70:62:b8:31:1d:80,11,-89
2017-10-27 16:20:40,model=Lenovo PB2-690Y,32.16837178,34.80181903,35,9,vue sur mer_2.4,a4:2b:8c:98:db:d2,1,-76,dserota,00:1b:9e:7a:43:13,6,-79,Claude,d0:d4:12:5c:c3:6a,11,-83,Yoels,00:8c:54:8b:ec:e1,6,-86,I.L.L,a0:63:91:78:40:b2,11,-88,Dav,c0:d9:62:f5:17:d9,6,-90,smadarwifi,44:d9:e7:04:ff:2d,6,-92,bz46564990,48:ee:0c:3a:19:c7,10,-93,Galei1,d8:fe:e3:02:d1:01,11,-93
2017-10-27 16:20:43,model=Lenovo PB2-690Y,32.16841015,34.8014927,36,10,simba6,d8:37:be:f1:86:c9,7,-76,LEE1,14:ae:db:ba:2d:35,1,-79BezeqFree,06:ae:db:ba:2d:35,1,-81netbox,d0:d4:12:67:a1:fa,1,-81Gay splays,00:78:9e:fa:8b:23,6,-81gary-flat,28:c6:8e:37:ab:72,11,-82GRATCH,04:bd:88:01:59:a0,11,-83hertzlia,3c:1e:04:04:4f:91,11,-85MEIR_2.4,a0:4f:d4:2c:5e:11,1,-85Student,56:d9:e7:f3:03:78,48,-87
2017-10-27 16:20:46,model=Lenovo PB2-690Y,32.16844882,34.80120414,35,10,hagit_2.4,6c:b0:ce:33:a4:d5,1,-76,elneuron,e8:fc:af:92:b9:87,1,-77Bezeq Free,5a:b0:ce:33:a4:d6,1,-78HOTBOX-3DFD,b4:ee:b4:a7:3e:03,1,-78stefan,e0:ce:c3:8c:2b:5a,6,-80preminger,c0:ac:54:f5:b1:84,6,-80GRATCH,04:bd:88:00:fc:00,11,-81HOTBOX-3DFD,f4:6b:ef:e2:2b:25,1,-82Serge_2.4,c4:a8:1d:12:62:55,11,-82HP-Print-C4-Officejet Pro 6830,28:80:23:cf:e9:c4,6,-83
2017-10-27 16:20:49,model=Lenovo PB2-690Y,32.16846448,34.80091936,32,10,rubinstein,e8:cc:18:ec:a6:64,6,-75,hadad,70:62:b8:30:db:f8,1,-75HOTBOX-81C2,7c:03:4c:ba:aa:42,6,-77davidr,c8:be:19:10:99:d1,6,-79GRATCH,04:bd:88:00:e1:40,1,-81HomeVFS,7c:b7:33:bf:bb:5f,6,-81pollock24,04:a1:51:d0:22:a5,3,-81japan,70:62:b8:30:f8:4e,1,-81bz18073460,14:ae:db:c4:9f:9a,10,-82pollock5,04:a1:51:d0:22:a6,60,-86
2017-10-27 16:20:52,model=Lenovo PB2-690Y,32.16849288,34.80064482,34,7,vue sur mer_2.4,a4:2b:8c:98:db:d2,1,-76,dserota,00:1b:9e:7a:43:13,6,-79,Claude,d0:d4:12:5c:c3:6a,11,-83,Yoels,00:8c:54:8b:ec:e1,6,-86,I.L.L,a0:63:91:78:40:b2,11,-88,Dav,c0:d9:62:f5:17:d9,6,-90,Galei1,d8:fe:e3:02:d1:01,11,-93
2017-10-27 16:20:54,model=Lenovo PB2-690Y,32.16851102,34.80047649,35,10,LEE1,14:ae:db:ba:2d:35,1,-79,Happy Home Network,c0:a0:bb:cc:e2:3a,1,-80Gay splays,00:78:9e:fa:8b:23,6,-81simba6,d8:37:be:f1:86:c9,7,-84netbox,d0:d4:12:67:a1:fa,1,-84BezeqFree,06:ae:db:ba:2d:35,1,-85MEIR_2.4,a0:4f:d4:2c:5e:11,1,-85Chen,14:ae:db:30:c9:d2,2,-85Galei1,d8:fe:e3:02:d1:01,11,-87MEIR_5,a0:4f:d4:2c:5e:12,52,-87
2017-10-27 16:20:57,model=Lenovo PB2-690Y,32.16854703,34.80030064,34,7,DanAccadia,0c:f4:d5:1b:3f:68,11,-81,Dune,a0:0a:bf:0a:e0:16,7,-86,Bourne,10:0d:7f:88:fd:88,11,-89,,88:de:a9:bf:04:2b,11,-89,IIT,ec:8c:a2:a1:25:c8,6,-90,DanAccadia,d8:38:fc:26:02:98,6,-90,steeletennis,00:21:04:e8:c5:8a,11,-93
2017-10-27 16:21:01,model=Lenovo PB2-690Y,32.16858542,34.80020728,37,10,,d8:38:fc:66:02:98,6,-81,BezeqNGN_J03015_2.4GHz_1,e8:fc:af:9d:69:be,1,-82Benhamou,c4:12:f5:f5:45:f6,3,-83Marine-Heights,d4:68:4d:39:23:b8,11,-84Bezeq Free,62:fc:af:9d:69:bf,1,-84DanAccadia,d8:38:fc:26:02:98,6,-85Sgreg,28:94:0f:f9:a6:d4,2,-85DanAccadia,0c:f4:d5:1b:d3:88,3,-87DanAccadia,d8:38:fc:26:fd:18,4,-89silverbeck,3c:1e:04:03:71:97,1,-91
2017-10-27 16:21:03,model=Lenovo PB2-690Y,32.16865005,34.80016462,37,7,preminger,c0:ac:54:f5:b1:84,6,-80,stefan,e0:ce:c3:8c:2b:5a,6,-83,NET0130335,d0:d4:12:5c:4d:4a,1,-83,DIRECT-51-HP DeskJet 4670 series,30:e1:71:f0:7b:52,10,-83,Ellman-2.4Ghz,04:a1:51:c4:27:6e,6,-84,feelhome,c0:ac:54:f7:3f:be,1,-89,Davis,1c:5f:2b:91:45:b1,1,-92
2017-10-27 16:21:06,model=Lenovo PB2-690Y,32.16881248,34.80015942,36,5,SavantS,e4:f4:c6:d8:e8:60,6,-72,Video Connection,6c:b0:ce:e8:2a:b0,1,-84,HOTBOX-718A,c0:ac:54:f7:c6:78,6,-86,Davis,1c:5f:2b:91:45:b1,1,-87,Video Connection,6c:b0:ce:e8:29:c0,11,-92
2017-10-27 16:21:08,model=Lenovo PB2-690Y,32.16895206,34.80017686,38,1,Daniela,14:ae:db:32:cf:42,7,-96
2017-10-27 16:21:11,model=Lenovo PB2-690Y,32.1692159,34.80022603,35,4,martin,54:e6:fc:b5:14:c2,9,-86,Video Connection,6c:b0:ce:e8:2a:50,1,-88,marcus 1,74:da:38:30:26:6f,2,-91,island-3927A0,d4:68:4d:79:27:a3,9,-92
2017-10-27 16:21:14,model=Lenovo PB2-690Y,32.16947007,34.80029112,35,4,HOTBOX-62D0,54:64:d9:66:27:79,1,-89,HP-Print-45-Deskjet 4640 series,5c:b9:01:6a:8c:45,6,-90,ISRAEL26,54:e6:fc:cc:5a:b8,11,-92,angelina,bc:f6:85:0d:5b:c0,6,-92
2017-10-27 16:21:17,model=Lenovo PB2-690Y,32.16970586,34.8003408,38,10,DanAccadia,0c:f4:d5:1b:3f:68,11,-82,stefan,e0:ce:c3:8c:2b:5a,6,-83DanAccadia,d8:38:fc:26:02:98,6,-83NET0130335,d0:d4:12:5c:4d:4a,1,-83Bezeq Free,62:fc:af:9d:69:bf,1,-87TopAudio,e4:f4:c6:4d:c7:5c,6,-87Benhamou,c4:12:f5:f5:45:f6,3,-88Happy Home Network,c0:a0:bb:cc:e2:3a,1,-89feelhome,c0:ac:54:f7:3f:be,1,-89Marine-Heights,d4:68:4d:39:23:b8,11,-91
2017-10-27 16:21:20,model=Lenovo PB2-690Y,32.1698537,34.80041581,35,8,SavantS,e4:f4:c6:d8:e8:60,6,-85,Bubble Wifi,74:ea:3a:e5:4f:02,6,-85,HOTBOX-62D0_2EX,74:da:38:a6:3c:32,1,-88,HOTBOX-718A,c0:ac:54:f7:c6:78,6,-89,Video Connection,6c:b0:ce:e8:2a:b0,1,-92,Video Connection,6c:b0:ce:e8:29:c0,11,-92,TopAudio,04:a1:51:2f:f2:be,6,-92,Davis,1c:5f:2b:91:45:b1,1,-94
2017-10-27 16:21:23,model=Lenovo PB2-690Y,32.16999698,34.80047799,33,2,Daniela,14:ae:db:32:cf:42,7,-92,Chenriko,c8:be:19:13:21:d6,3,-98
2017-10-27 16:21:26,model=Lenovo PB2-690Y,32.17015135,34.80053822,30,4,DIRECT-D8-HP OfficeJet Pro 8710,98:e7:f4:42:4e:d9,6,-88,phily,2c:b0:5d:40:dc:ac,11,-92,HOTBOX-CB76,40:65:a3:2d:81:47,1,-93,Rosaness,84:18:3a:1c:b7:18,1,-96
2017-10-27 16:21:30,model=Lenovo PB2-690Y,32.1704695,34.80067669,29,9,gidron,f8:0b:cb:51:74:e8,1,-82,ERSS91,30:b5:c2:da:24:b4,11,-88,Chana,10:be:f5:3d:80:3a,9,-90,irisuites,00:78:9e:fb:30:e8,6,-90,GP25665584,f6:dd:9e:7a:1a:4f,1,-92,HOTBOX-628D,d8:fb:5e:17:62:93,6,-92,martin,54:e6:fc:b5:14:c2,9,-93,Kalderon,c0:ac:54:f8:e8:f5,1,-93,duitch,00:1d:7e:55:ad:b9,11,-95
2017-10-27 16:21:33,model=Lenovo PB2-690Y,32.1707069,34.80079707,29,9,ohait1,bc:67:1c:41:3a:03,5,-85,HP-Print-45-Deskjet 4640 series,5c:b9:01:6a:8c:45,6,-86,TopAudio,e4:f4:c6:4d:c7:5c,6,-88,Benhamou,c4:12:f5:f5:45:f6,3,-89,angelina,bc:f6:85:0d:5b:c0,6,-89,daniel,e8:1d:a8:05:01:38,1,-89,Rosaness,84:18:3a:1c:b7:18,1,-91,Bezeq Free NA1F34,72:2b:8c:99:02:06,1,-93,Vnet-t,ec:8c:a2:08:9f:38,9,-94
2017-10-27 16:21:36,model=Lenovo PB2-690Y,32.17094993,34.80087842,28,10,Rosaness,84:18:3a:1c:b7:18,1,-78,Rosaness,84:18:3a:1c:b7:1c,60,-78TopAudio,4c:60:de:d1:da:80,6,-83TopAudio,04:a1:51:2f:f2:be,6,-84annita,7c:b7:33:be:e3:b6,11,-84Bubble Wifi,74:ea:3a:e5:4f:02,6,-85Rosaness,84:18:3a:1d:3b:b8,11,-86HOTBOX-718A,c0:ac:54:f7:c6:78,6,-89daniel,e8:1d:a8:04:fc:08,11,-89HOTBOX-62D0_2EX,74:da:38:a6:3c:32,1,-90
2017-10-27 16:21:38,model=Lenovo PB2-690Y,32.17109214,34.80094499,28,5,Rosaness,84:18:3a:1d:3b:b8,11,-80,ortheal-808,14:ae:db:c2:7c:f5,11,-84,Rosaness,84:18:3a:1c:c9:a8,1,-84,daniel,e8:1d:a8:04:fe:98,9,-84,daniel,e8:1d:a8:04:fa:68,11,-84
2017-10-27 16:21:41,model=Lenovo PB2-690Y,32.17128287,34.80103883,27,10,GP25665584,f6:dd:9e:7a:1a:4f,1,-74,Hotbox,14:ae:db:c1:73:25,6,-77daniel,e8:1d:a8:03:91:58,6,-78HOTBOX-8C78,c0:ac:54:f8:57:42,9,-79HOTBOX-BOX-72A6,b4:ee:b4:ae:86:43,1,-81daniel,e8:1d:a8:04:fc:08,11,-82MatchBoxAir,30:b5:c2:3d:a9:0a,11,-82MiriTal,a0:4f:d4:3e:7c:31,1,-83daniel,e8:1d:a8:05:01:58,4,-85DIRECT-7B-HP DeskJet 4670 series,30:e1:71:f0:a7:7c,6,-88
2017-10-27 16:21:45,model=Lenovo PB2-690Y,32.17146967,34.80111252,28,10,daniel,e8:1d:a8:04:ff:88,1,-82,daniel,e8:1d:a8:05:03:08,1,-84daniel,e8:1d:a8:04:fb:e8,6,-85daniel,e8:1d:a8:03:91:48,8,-86Logitech,d8:38:fc:5c:e6:58,7,-89daniel,90:f6:52:55:86:37,11,-89Chana,10:be:f5:3d:80:3a,9,-90daniel,e8:1d:a8:04:fa:08,3,-90daniel,d8:38:fc:1c:e6:58,7,-90duitch,00:1d:7e:55:ad:b9,11,-93
2017-10-27 16:21:48,model=Lenovo PB2-690Y,32.17165634,34.80118038,28,4,NIPPON_3575,08:97:58:32:d1:b8,5,-79,daniel,e8:1d:a8:05:15:78,6,-84,daniel,e8:1d:a8:05:0f:cc,52,-87,daniel,e8:1d:a8:05:0f:c8,4,-87
2017-10-27 16:21:51,model=Lenovo PB2-690Y,32.17183759,34.80126227,30,8,TREEHOUSE,c4:12:f5:7f:5a:15,6,-79,HOTBOX2,7c:b7:33:2c:b9:21,11,-83,kenedy,e8:94:f6:b7:4f:54,5,-84,daniel,e8:1d:a8:05:0a:28,11,-85,ey,b4:ee:b4:ac:f4:a3,1,-86,ohait1,bc:67:1c:41:3a:03,5,-89,daniel,e8:1d:a8:04:fa:a8,11,-89,HOTBOX-A333,08:6a:0a:22:a3:39,1,-92
2017-10-27 16:21:53,model=Lenovo PB2-690Y,32.17192733,34.80130289,30,3,TopAudio,4c:60:de:d1:da:80,6,-77,HOTBOX-4E11,7c:b7:33:2e:4e:17,1,-84,DIRECT-1F-HP DeskJet 3700 series,30:e1:71:fd:c3:20,6,-85
2017-10-27 16:21:56,model=Lenovo PB2-690Y,32.17211148,34.8013815,30,6,Vnet-t,ec:8c:a2:08:9f:38,9,-79,ey,b4:ee:b4:ac:f4:a3,1,-81,deborah,14:ae:db:57:4e:4d,1,-82,Rosaness,84:18:3a:1c:b7:18,1,-83,huglin home 2.4GHz,70:62:b8:30:e8:df,1,-83,RIVKA,9c:d3:6d:bf:8a:64,9,-93
2017-10-27 16:22:00,model=Lenovo PB2-690Y,32.17235211,34.80147664,32,9,ortheal-808,14:ae:db:c2:7c:f5,11,-79,MatchBoxAir,30:b5:c2:3d:a9:0a,11,-80,GP25665584,f6:dd:9e:7a:1a:4f,1,-81,HOTBOX-1,40:65:a3:2b:58:68,11,-82,Vnet-t,ec:8c:a2:0a:04:88,4,-83,HOTBOX-8C78,c0:ac:54:f8:57:42,9,-85,daniel,e8:1d:a8:05:01:58,4,-88,123uoses,00:12:2a:31:b9:dc,9,-88,dlink,1c:bd:b9:e7:5b:a0,6,-90
2017-10-27 16:22:03,model=Lenovo PB2-690Y,32.17248602,34.80158775,31,10,Claes,a0:4f:d4:3d:16:01,1,-81, jacob1,b4:ee:b4:f9:7a:1b,1,-81toffy,00:1d:aa:80:94:4c,9,-82123uoses,00:12:2a:31:b9:dc,9,-83amir1,14:ae:db:39:a9:2d,6,-85orchid,f0:3e:90:0f:6b:58,1,-85daniel,e8:1d:a8:04:fb:e8,6,-86DIRECT-53-HP DeskJet 3830 series,fc:3f:db:a0:28:77,6,-86daniel,e8:1d:a8:03:91:48,8,-90Chana,10:be:f5:3d:80:3a,9,-91
2017-10-27 16:22:06,model=Lenovo PB2-690Y,32.17257922,34.80168541,32,5,orchid,f0:3e:90:0f:6b:58,1,-79,Wireless,02:1f:c6:8b:69:1d,11,-89,1602,d8:5d:4c:ca:4c:5a,4,-90,appa901,c4:04:15:1a:50:b4,11,-90,Ykov,00:78:9e:fa:61:49,11,-90
2017-10-27 16:22:09,model=Lenovo PB2-690Y,32.17271913,34.80164867,33,1,orchid,f0:3e:90:0f:6b:b8,11,-84
2017-10-27 16:22:12,model=Lenovo PB2-690Y,32.17265603,34.80149871,35,7,amir1,14:ae:db:39:a9:2d,6,-80,appa901,c4:04:15:1a:50:b4,11,-84,Wireless,02:1f:c6:8b:69:1d,11,-84,orchid,f0:3e:90:0f:58:78,1,-89,nilly,00:78:9e:fa:9d:51,11,-91,HOTBOX-F3BE,c0:ac:54:f6:e1:ec,11,-92,HP-Print-F3-Officejet 6700,88:51:fb:08:ad:f3,6,-93
2017-10-27 16:22:15,model=Lenovo PB2-690Y,32.17246041,34.80146374,38,6,TopAudio-N,90:a7:c1:14:e3:b4,4,-89,HOTBOX-A8E3,08:6a:0a:22:a8:e9,1,-89,orchid,24:79:2a:0e:0f:e8,1,-89,BezeqFree,5a:be:f5:43:ab:af,10,-90,rdpokecoke2,bc:f6:85:0d:22:cb,6,-90,Yonch,10:be:f5:43:ab:ae,10,-91
2017-10-27 16:22:21,model=Lenovo PB2-690Y,32.17197315,34.80129989,38,1,carmi,9c:d3:6d:c2:64:81,9,-91
2017-10-27 16:22:24,model=Lenovo PB2-690Y,32.17185891,34.80124727,41,5,daniel,e8:1d:a8:03:91:08,6,-83,doram012,00:90:8f:2b:c0:5c,8,-90,taieb,e0:ce:c3:8a:7b:d0,1,-90,HOTBOX-E99C,6c:2e:85:fe:95:f7,1,-91,island-3C7420,0c:f4:d5:7c:74:23,6,-92
2017-10-27 16:22:27,model=Lenovo PB2-690Y,32.1718311,34.80121825,40,1,daniel,00:27:19:e8:a8:ef,3,-89
2017-10-27 16:22:30,model=Lenovo PB2-690Y,32.17182204,34.80118578,37,1,GOT,c8:be:19:11:b7:73,6,-85
2017-10-27 16:22:35,model=Lenovo PB2-690Y,32.17178599,34.80117171,39,1,allen123,54:e6:fc:b5:39:9e,11,-89
2017-10-27 16:22:37,model=Lenovo PB2-690Y,32.17173543,34.80114287,40,2,Hanna,00:8c:54:91:a5:61,1,-84,orchid,f0:3e:90:0f:6b:38,11,-90
2017-10-27 16:22:43,model=Lenovo PB2-690Y,32.17159708,34.80108199,41,4,daniel,e8:1d:a8:03:91:88,6,-84,daniel,d8:38:fc:1c:a6:38,1,-86,daniel,e8:1d:a8:03:6c:68,1,-88,hayti,34:08:04:03:99:ec,9,-96
2017-10-27 16:22:46,model=Lenovo PB2-690Y,32.17146993,34.80103098,40,5,1008,f8:e9:03:13:84:93,11,-84,daniel,e8:1d:a8:03:91:48,8,-85,EDIMAX,80:1f:02:93:bb:be,11,-88,daniel,d8:38:fc:1c:da:c8,4,-89,Chana,10:be:f5:3d:80:3a,9,-90
2017-10-27 16:22:49,model=Lenovo PB2-690Y,32.17132967,34.80097018,36,10,HOTBOX-8C78,c0:ac:54:f8:57:42,9,-78,Logitech,d8:38:fc:5c:e6:58,7,-81daniel,d8:38:fc:1c:e6:58,7,-81allen123,54:e6:fc:b5:39:9e,11,-84rebecca,f0:7d:68:17:cd:fa,6,-84daniel,e8:1d:a8:05:01:58,4,-85hazout,14:ae:db:b7:a6:05,6,-85GP25665584,f6:dd:9e:7a:1a:4f,1,-87daniel,e8:1d:a8:04:fd:f8,1,-87HOTBOX-A8E3,08:6a:0a:22:a8:e9,1,-90
2017-10-27 16:22:52,model=Lenovo PB2-690Y,32.17114566,34.80089219,37,4,daniel,e8:1d:a8:05:0c:98,6,-80,Chana,10:be:f5:3d:80:3a,9,-84,daniel,e8:1d:a8:04:fb:e8,6,-86,Zeitlin1-Salon,60:e3:27:9e:8a:ea,11,-94
2017-10-27 16:22:55,model=Lenovo PB2-690Y,32.17091575,34.80080423,39,9,Rosaness,84:18:3a:1c:b7:18,1,-75,TopAudio,4c:60:de:d1:da:80,6,-80,TP-LINK_MENASHE,14:cc:20:93:1f:50,11,-83,HOTBOX-4E11,7c:b7:33:2e:4e:17,1,-87,Rosaness,84:18:3a:1d:3b:bc,52,-87,hpsetup,8a:ff:b4:f8:5c:3a,6,-89,Vnet-t,ec:8c:a2:08:9f:38,9,-90,toffy,00:1d:aa:80:94:34,3,-91,daniel,90:f6:52:55:88:91,11,-93
2017-10-27 16:22:58,model=Lenovo PB2-690Y,32.1706614,34.80073339,35,6,TREEHOUSE,c4:12:f5:7f:5a:15,6,-86,ohait1,bc:67:1c:41:3a:03,5,-86,daniel,e8:1d:a8:05:0a:28,11,-87,MatchBoxAir,30:b5:c2:3d:a9:0a,11,-90,doram012,00:90:8f:2b:c0:5c,8,-91,HP-Print-A9-Officejet Pro 6830,dc:4a:3e:39:b0:a9,10,-92
2017-10-27 16:23:01,model=Lenovo PB2-690Y,32.17038651,34.80062195,34,10,daniel,e8:1d:a8:05:03:08,1,-82,NIPPON_3575,08:97:58:32:d1:b8,5,-841008,f8:e9:03:13:84:93,11,-84daniel,d8:38:fc:1c:a6:38,1,-85daniel,e8:1d:a8:03:91:48,8,-85daniel,e8:1d:a8:04:fa:08,3,-86daniel,e8:1d:a8:04:ff:88,1,-87daniel,e8:1d:a8:05:15:78,6,-88EDIMAX,80:1f:02:93:bb:be,11,-88daniel,d8:38:fc:1c:da:c8,4,-89
2017-10-27 16:23:04,model=Lenovo PB2-690Y,32.17014829,34.80053654,33,10,HOTBOX-8C78,c0:ac:54:f8:57:42,9,-78,allen123,54:e6:fc:b5:39:9e,11,-84rebecca,f0:7d:68:17:cd:fa,6,-84Hotbox,14:ae:db:c1:73:25,6,-84daniel,e8:1d:a8:05:01:58,4,-85hazout,14:ae:db:b7:a6:05,6,-85daniel,d8:38:fc:1c:e6:58,7,-86daniel,e8:1d:a8:04:fd:f8,1,-87MiriTal,a0:4f:d4:3e:7c:31,1,-88daniel,e8:1d:a8:04:fc:08,11,-88
2017-10-27 16:23:07,model=Lenovo PB2-690Y,32.17006781,34.80050789,33,8,daniel,e8:1d:a8:05:0c:98,6,-80,HOTBOX-62D0_2EX,74:da:38:a6:3c:32,1,-82,Rosaness,84:18:3a:1d:3b:b8,11,-83,daniel,e8:1d:a8:04:fb:e8,6,-86,daniel,e8:1d:a8:04:fa:68,11,-88,Rosaness,84:18:3a:1c:c9:a8,1,-89,Chana,10:be:f5:3d:80:3a,9,-93,Zeitlin1-Salon,60:e3:27:9e:8a:ea,11,-94
2017-10-27 16:23:10,model=Lenovo PB2-690Y,32.17004183,34.80050113,33,2,Bezeq Free 0a5352,62:a3:86:0a:53:52,6,-90,lazare2.4,a4:2b:8c:99:02:05,1,-91
2017-10-27 16:23:13,model=Lenovo PB2-690Y,32.17003707,34.80050995,33,1,,d8:38:fc:66:02:98,6,-91
2017-10-27 16:23:17,model=Lenovo PB2-690Y,32.16991686,34.80048569,31,1,DIRECT-51-HP DeskJet 4670 series,30:e1:71:f0:7b:52,10,-94
2017-10-27 16:23:20,model=Lenovo PB2-690Y,32.16971928,34.80041492,30,2,Bubble Wifi,74:ea:3a:e5:4f:02,6,-87,HP-Print-5C-Officejet Pro 8600,84:34:97:ac:a1:5c,1,-94
2017-10-27 16:23:22,model=Lenovo PB2-690Y,32.16953355,34.80035958,30,4,HOTBOX-62D0,54:64:d9:66:27:79,1,-80,HP-Print-45-Deskjet 4640 series,5c:b9:01:6a:8c:45,6,-87,Bezeq Free NA1F34,72:2b:8c:99:02:06,1,-92,Benhamou,c4:12:f5:f5:45:f6,3,-93
2017-10-27 16:23:25,model=Lenovo PB2-690Y,32.16925266,34.80028248,25,4,Benhamou,c4:12:f5:f5:45:f6,3,-88,DanAccadia,0c:f4:d5:1b:49:38,7,-90,,0c:f4:d5:5b:49:38,7,-91,HP-Print-33-Deskjet 4640 series,a0:48:1c:65:96:33,1,-91
2017-10-27 16:23:28,model=Lenovo PB2-690Y,32.16896675,34.80022497,25,8,DIRECT-51-HP DeskJet 4670 series,30:e1:71:f0:7b:52,10,-83,Mishayev,e0:8f:ec:05:fb:f7,6,-84,HOTBOX-62D0_2EX,74:da:38:a6:3c:32,1,-85,HOTBOX-E698,e8:d1:1b:71:e6:9e,6,-88,Gold,a0:4f:d4:44:36:71,1,-90,,d8:38:fc:66:02:98,6,-91,Chana,10:be:f5:3d:80:3a,9,-93,Bezeq Free 0a5352,62:a3:86:0a:53:52,6,-93
2017-10-27 16:23:31,model=Lenovo PB2-690Y,32.16873071,34.8001699,25,9,Video Connection,6c:b0:ce:e8:2a:b0,1,-83,SavantS,e4:f4:c6:d8:e8:60,6,-84,HOTBOX-3DFD,b4:ee:b4:a7:3e:03,1,-85,DanAccadia,d8:38:fc:26:dc:38,4,-86,BezeqNGN_98087,4c:60:de:42:20:28,11,-87,,fa:8f:ca:67:d0:69,3,-88,,d8:38:fc:66:dc:38,4,-89,Bezeq Free 3A4428,62:ff:d4:7a:ac:3a,11,-90,DanAccadia,d8:38:fc:25:9d:28,4,-90
2017-10-27 16:23:34,model=Lenovo PB2-690Y,32.16857669,34.80014154,27,7,Davis,1c:5f:2b:91:45:b1,1,-85,island-3927A0,d4:68:4d:79:27:a3,9,-87,Bezeq Free,62:fc:af:9d:69:bf,1,-87,Video Connection,6c:b0:ce:e8:29:c0,11,-88,Happy Home Network,c0:a0:bb:cc:e2:3a,1,-89,Lazar,54:e6:fc:ff:72:1f,6,-90,Treepodia_WIFI2,90:6c:ac:a9:dd:ba,11,-92
2017-10-27 16:23:37,model=Lenovo PB2-690Y,32.16840058,34.80011614,28,10,SavantS,e4:f4:c6:d8:e8:60,6,-77,HOTBOX-62D0,54:64:d9:66:27:79,1,-83DanAccadia,0c:f4:d5:1b:e1:58,4,-85,0c:f4:d5:5b:d8:38,1,-86,d8:38:fc:65:9d:28,4,-88Marine-Heights,d4:68:4d:39:23:b8,11,-88TNCAPE5A34D,9c:97:26:8a:43:e1,1,-88HP-Print-45-Deskjet 4640 series,5c:b9:01:6a:8c:45,6,-90ISRAEL26,54:e6:fc:cc:5a:b8,11,-90DanAccadia,d8:38:fc:26:dd:d8,8,-90
2017-10-27 16:23:40,model=Lenovo PB2-690Y,32.16820938,34.80009418,26,8,island-3927A0,d4:68:4d:79:27:a3,9,-81,DanAccadia,d8:38:fc:26:dc:38,4,-81,Rozalin.co.il,08:5b:0e:8e:06:97,1,-83,Benhamou,c4:12:f5:f5:45:f6,3,-84,Daniela,14:ae:db:32:cf:42,7,-84,,d8:38:fc:66:dd:d8,8,-88,HP-Print-33-Deskjet 4640 series,a0:48:1c:65:96:33,1,-89,HP-Print-99-Officejet 6700,84:34:97:1c:cd:99,6,-91
2017-10-27 16:23:43,model=Lenovo PB2-690Y,32.16806164,34.80020374,28,9,DIRECT-51-HP DeskJet 4670 series,30:e1:71:f0:7b:52,10,-74,PELEG,14:d6:4d:f4:42:d7,6,-81,NET0130335,d0:d4:12:5c:4d:4a,1,-82,DanAccadia,0c:f4:d5:1b:d7:a8,1,-83,DanAccadia,0c:f4:d5:1b:0b:18,4,-86,,d8:38:fc:68:24:7c,44,-88,DanAccadia,d8:38:fc:28:24:7c,44,-88,,d8:38:fc:68:18:58,6,-90,,0c:f4:d5:5b:09:9c,58,-91
2017-10-27 16:23:46,model=Lenovo PB2-690Y,32.16801984,34.80044722,27,7,Happy Home Network,c0:a0:bb:cc:e2:3a,1,-77,Rozalin.co.il,08:5b:0e:8e:06:97,1,-77,feelhome,c0:ac:54:f7:3f:be,1,-77,hilary,00:8c:54:91:22:f1,1,-87,DanAccadia,0c:f4:d5:1b:49:38,7,-87,margopharma,1c:af:f7:6f:07:93,6,-92,,0c:f4:d5:5b:49:38,7,-94
2017-10-27 16:23:49,model=Lenovo PB2-690Y,32.16798596,34.80081806,26,10,SavantS,e4:f4:c6:d8:e8:60,6,-70,HOTBOX-AB52,90:8d:78:e4:ab:7f,11,-74BEZEQINT-0301,14:ae:db:cb:03:05,11,-76HOTBOX-1C48,c0:ac:54:f8:ea:e1,1,-79finquel,f8:e9:03:11:e0:d8,1,-81margopharma,1c:af:f7:6f:07:93,6,-84network,48:ee:0c:3d:53:f3,9,-84Shohat01,7c:b7:33:ea:b3:b4,2,-84Bhome-1845,ac:3f:a4:85:29:d8,1,-86marcus,30:46:9a:2c:3d:94,6,-88
2017-10-27 16:23:52,model=Lenovo PB2-690Y,32.16794123,34.80115899,24,10,Dror,7c:03:4c:ba:a6:1c,11,-76,TP-LINK_C22F8C,f8:1a:67:c2:2f:8c,9,-77sesadido,10:be:f5:37:f7:6e,3,-78SavantS,e4:f4:c6:f9:02:60,1,-79Daniela,14:ae:db:32:cf:42,7,-80DanAccadia,d8:38:fc:26:dc:38,4,-81DIRECT-B0-HP DeskJet 4670 series,3c:52:82:b0:20:b1,11,-81DIRECT-15-HP OfficeJet Pro 8720,70:5a:0f:f6:05:16,2,-82Bezeq-n_DA8C,a0:21:b7:79:da:8c,11,-83Mishayev,e0:8f:ec:05:fb:f7,6,-84
2017-10-27 16:23:55,model=Lenovo PB2-690Y,32.16791664,34.80145366,24,10,LEE2,00:b0:c6:57:6a:91,2,-73,Happy Home Network,c0:a0:bb:cc:e2:3a,1,-77Rozalin.co.il,08:5b:0e:8e:06:97,1,-77feelhome,c0:ac:54:f7:3f:be,1,-77HOTBOX-97EB,fc:b4:e6:d0:97:f1,1,-78Gold,a0:4f:d4:44:36:71,1,-80I.L.L,c0:ff:d4:bd:96:ca,1,-80PELEG,14:d6:4d:f4:42:d7,6,-81HOTBOX-3DFD,b4:ee:b4:a7:3e:03,1,-81DianneC,bc:f6:85:0b:6c:bf,6,-81
2017-10-27 16:23:58,model=Lenovo PB2-690Y,32.16788999,34.80175144,23,7,I.L.L,c0:ff:d4:bd:9e:30,11,-70,Ste_2.4GHz,20:0c:c8:10:0c:23,9,-79,Shiri1000_2.4,10:5a:f7:0e:5d:f5,1,-81,daniavnon,d0:d4:12:60:09:92,11,-84,Yoels,00:8c:54:8b:ec:e1,6,-85,dserota,00:1b:9e:7a:43:13,6,-85,,5c:f8:21:b0:f9:a3,6,-87
2017-10-27 16:24:01,model=Lenovo PB2-690Y,32.16785244,34.80206584,25,10,SavantS,e4:f4:c6:d8:e8:60,6,-70,Shiri1000_2.4,10:5a:f7:0e:5d:f5,1,-70I.L.L,c0:ff:d4:bd:96:ca,1,-74BEZEQINT-0301,14:ae:db:cb:03:05,11,-78HOTBOX-1C48,c0:ac:54:f8:ea:e1,1,-79HOTBOX-AB52,90:8d:78:e4:ab:7f,11,-80Shohat01,7c:b7:33:ea:b3:b4,2,-80Bhome-1845,ac:3f:a4:85:29:d8,1,-82HOTFiber-0869,f8:ab:05:47:be:01,6,-82margopharma,1c:af:f7:6f:07:93,6,-84
2017-10-27 16:24:04,model=Lenovo PB2-690Y,32.16782073,34.80240578,26,10,elneuron,e8:fc:af:92:b9:87,1,-73,vue sur mer_2.4,a4:2b:8c:98:db:d2,1,-74Dror,7c:03:4c:ba:a6:1c,11,-76dserota,00:1b:9e:7a:43:13,6,-76HOTFiber-C09E,08:6a:0a:6a:04:f7,6,-76TP-LINK_C22F8C,f8:1a:67:c2:2f:8c,9,-77Bezeq Free,5a:b0:ce:33:a4:d6,1,-77sesadido,10:be:f5:37:f7:6e,3,-78SavantS,e4:f4:c6:f9:02:60,1,-79hagit_2.4,6c:b0:ce:33:a4:d5,1,-81
2017-10-27 16:24:07,model=Lenovo PB2-690Y,32.16777763,34.80266874,23,9,HOT1,c0:ac:54:f5:d7:ff,11,-75,LEE2,00:b0:c6:57:6a:91,2,-77,HOTBOX-97EB,fc:b4:e6:d0:97:f1,1,-80,HOTBOX-3DFD,b4:ee:b4:a7:3e:03,1,-81,DianneC,bc:f6:85:0b:6c:bf,6,-81,bz46564990,48:ee:0c:3a:19:c7,10,-82,LEE2,00:b0:c6:57:6a:99,36,-87,preminger,c0:ac:54:f5:b1:84,6,-87,Gold,a0:4f:d4:44:36:71,1,-88
2017-10-27 16:24:10,model=Lenovo PB2-690Y,32.16776054,34.8028197,26,7,I.L.L,c0:ff:d4:bd:9e:30,11,-70,099556880,10:0d:7f:99:bd:b2,11,-81,daniavnon,d0:d4:12:60:09:92,11,-84,,5c:f8:21:b0:f9:a3,6,-87,Bezeq-N_c5c5a1,5c:d9:98:c5:c5:a2,6,-87,Ste_2.4GHz,20:0c:c8:10:0c:23,9,-88,Yoels,00:8c:54:8b:ec:e1,6,-90
2017-10-27 16:24:13,model=Lenovo PB2-690Y,32.16775468,34.80285047,27,1,Roikhel,9c:d6:43:23:99:91,6,-90
2017-10-27 16:24:16,model=Lenovo PB2-690Y,32.1677579,34.80285141,28,1,DIRECT-AA-HP OfficeJet Pro 8710,30:e1:71:d5:5c:ab,9,-98
2017-10-27 16:24:20,model=Lenovo PB2-690Y,32.16776133,34.80285408,29,1,wingate,70:3a:cb:5f:4f:25,6,-90
2017-10-27 16:24:28,model=Lenovo PB2-690Y,32.16777778,34.80286516,31,2,HOTBOX-3A94,c0:ac:54:f8:0c:1f,11,-87,DIRECT-AA-HP OfficeJet Pro 8710,30:e1:71:d5:5c:ab,9,-93
2017-10-27 16:24:34,model=Lenovo PB2-690Y,32.16777491,34.80285957,31,1,anna2.4,a0:ab:1b:62:76:ac,2,-83
2017-10-27 16:24:52,model=Lenovo PB2-690Y,32.16773176,34.80302721,39,1,Bezeq_WiFi,a0:ab:1b:61:6b:36,11,-96
2017-10-27 16:24:55,model=Lenovo PB2-690Y,32.16776081,34.80325115,38,5,klara-012,c4:12:f5:fd:d1:94,2,-85,BezeqFree,6a:12:f5:84:50:41,8,-87,opus7,c4:12:f5:84:50:40,8,-87,770,ec:22:80:b3:2e:10,6,-90,tania_2.4,70:62:b8:31:1d:80,11,-94
2017-10-27 16:24:58,model=Lenovo PB2-690Y,32.16793027,34.80333277,36,6,BezeqFree,6a:12:f5:84:50:41,8,-81,opus7,c4:12:f5:84:50:40,8,-82,svetlana,14:ae:db:44:c5:45,6,-83,Yafim,14:ae:db:32:13:d2,5,-85,orange-inna,00:12:2a:11:1c:64,11,-87,HOTBOX,7c:03:4c:fe:ba:1b,1,-88
2017-10-27 16:25:01,model=Lenovo PB2-690Y,32.1680857,34.80343147,34,5,hagit_2.4,6c:b0:ce:33:a4:d5,1,-84,Bezeq Free,5a:b0:ce:33:a4:d6,1,-84,gella555,00:22:b0:75:7d:eb,6,-86,netbo1,d0:d4:12:68:0a:0a,11,-87,elneuron,e8:fc:af:92:b9:87,1,-88
2017-10-27 16:25:04,model=Lenovo PB2-690Y,32.16813652,34.80370267,32,4,bz46564990,48:ee:0c:3a:19:c7,10,-89,Biana_n,14:ae:db:b2:8e:75,11,-91,vue sur mer_2.4,a4:2b:8c:98:db:d2,1,-91,SHURSH,00:22:3f:80:0d:4e,9,-91
2017-10-27 16:25:07,model=Lenovo PB2-690Y,32.16810519,34.80406649,33,8,anna2.4,a0:ab:1b:62:76:ac,2,-86,wingate,70:3a:cb:5f:4f:25,6,-87,099556880,10:0d:7f:99:bd:b2,11,-88,Roikhel,9c:d6:43:23:99:91,6,-88,Bezeq-N_c5c5a1,5c:d9:98:c5:c5:a2,6,-88,Sveta,b4:ee:b4:ac:ce:70,11,-93,HOTBOX-3A94,c0:ac:54:f8:0c:1f,11,-94,Bezeq_WiFi,a0:ab:1b:61:6b:36,11,-95
2017-10-27 16:25:10,model=Lenovo PB2-690Y,32.1680484,34.80454278,32,10,opus7,c4:12:f5:84:50:40,8,-84,Yafim,14:ae:db:32:13:d2,5,-85svetlana,14:ae:db:44:c5:45,6,-87orange-inna,00:12:2a:11:1c:64,11,-87HOTBOX,7c:03:4c:fe:ba:1b,1,-88gella555,00:22:b0:75:7d:eb,6,-88klara-012,c4:12:f5:fd:d1:94,2,-90770,ec:22:80:b3:2e:10,6,-90netbo1,d0:d4:12:68:0a:0a,11,-90BezeqFree,6a:12:f5:84:50:41,8,-91
2017-10-27 16:25:13,model=Lenovo PB2-690Y,32.16799787,34.80501351,31,10,HOTFiber-FF2F,7c:b7:33:ea:a3:72,1,-84,Biana_n,14:ae:db:b2:8e:75,11,-88SHURSH,00:22:3f:80:0d:4e,9,-88Murad1,f8:d1:11:75:25:64,1,-89TP-LINK_UKTVWATCH_EXT,8a:1b:5e:83:d7:c2,8,-90vue sur mer_2.4,a4:2b:8c:98:db:d2,1,-91ida,c0:c1:c0:ce:4d:06,11,-91shlomo1,00:8c:54:8f:59:51,6,-92BezeqFree,62:8d:78:50:6a:13,11,-92hagit_2.4,6c:b0:ce:33:a4:d5,1,-92
2017-10-27 16:25:16,model=Lenovo PB2-690Y,32.16794147,34.80538989,32,4,gabriel,90:8d:78:50:6a:12,11,-89,MOSHE,16:0c:c3:ee:59:79,11,-90,elissa,c8:be:19:07:58:09,1,-90,Sveta,b4:ee:b4:ac:ce:70,11,-93
2017-10-27 16:25:19,model=Lenovo PB2-690Y,32.16787842,34.80562835,33,10,svetlana,14:ae:db:44:c5:45,6,-87,gella555,00:22:b0:75:7d:eb,6,-88klara-012,c4:12:f5:fd:d1:94,2,-90netbo1,d0:d4:12:68:0a:0a,11,-90BezeqFree,6a:12:f5:84:50:41,8,-91tania_2.4,70:62:b8:31:1d:80,11,-91Mwanza,48:ee:0c:3e:cb:98,3,-91Heifes,20:0c:c8:10:c8:11,1,-92Partner-4G-86E5,b0:89:00:d8:86:e5,10,-93Smoky,d8:fe:e3:02:c5:49,1,-93
2017-10-27 16:25:22,model=Lenovo PB2-690Y,32.16780207,34.8057662,32,1,DIRECT-52-HP DeskJet 3830 series,94:57:a5:4d:eb:8b,6,-92
2017-10-27 16:25:25,model=Lenovo PB2-690Y,32.1677094,34.80591024,32,1,Bezeq Free D02536,72:0c:c8:10:c8:12,1,-93
2017-10-27 16:25:28,model=Lenovo PB2-690Y,32.167768,34.80606514,35,10,Annatel_3372,74:da:38:a9:0c:3e,2,-81,HOTFiber-FF2F,7c:b7:33:ea:a3:72,1,-84Hazan_Home,18:d6:c7:ef:1e:a4,11,-85Murad1,f8:d1:11:75:25:64,1,-89Home,14:ae:db:53:0c:2d,6,-90ida,c0:c1:c0:ce:4d:06,11,-91shlomo1,00:8c:54:8f:59:51,6,-92BezeqFree,62:8d:78:50:6a:13,11,-92hagit_2.4,6c:b0:ce:33:a4:d5,1,-92Bezeq Free,5a:b0:ce:33:a4:d6,1,-92
2017-10-27 16:25:34,model=Lenovo PB2-690Y,32.16830926,34.80617243,35,1,HOTBOX1212,c0:ac:54:f6:3b:c0,11,-84
2017-10-27 16:25:37,model=Lenovo PB2-690Y,32.16860202,34.80626215,31,8,,00:22:6c:5f:c6:d4,11,-83,rfi,c4:04:15:a7:e0:e0,11,-89,HP-Print-45-Officejet Pro 6830,70:5a:0f:67:88:45,6,-90,gattegnio,fc:b4:e6:d0:b6:67,6,-91,gattegnio,ec:08:6b:67:fc:c5,6,-92,rfi,a0:63:91:78:40:f2,4,-93,egypt 1,b8:a3:86:0e:50:04,6,-94,DIRECT-54-HP OfficeJet 3830,30:e1:71:fc:37:55,2,-96
2017-10-27 16:25:40,model=Lenovo PB2-690Y,32.16891568,34.806354,30,6,zinger,88:dc:96:1c:a2:00,5,-78,gattegnio,ec:08:6b:67:fc:c5,6,-82,Hazan_Home,18:d6:c7:ef:1e:a4,11,-85,gattegnio,fc:b4:e6:d0:b6:67,6,-85,shor_Ext,e2:91:f5:b6:ec:a8,11,-90,Annatel_3372,74:da:38:a9:0c:3e,2,-91
2017-10-27 16:25:43,model=Lenovo PB2-690Y,32.1692489,34.8064284,26,3,Melinek,14:ae:db:45:27:5d,11,-74,melsara,10:0d:7f:86:a4:42,11,-86,obadiahouse1_2_4,6c:b0:ce:36:91:9f,1,-91
2017-10-27 16:25:46,model=Lenovo PB2-690Y,32.16953076,34.80649419,28,5,HOTBOX1212,c0:ac:54:f6:3b:c0,11,-84,obadiahouse1_2_4,6c:b0:ce:36:91:9f,1,-85,tambourh,10:be:f5:3d:ac:54,9,-86,president,20:0c:c8:2a:13:80,11,-89,HOTFiber-1B7F,7c:b7:33:ea:b7:bd,11,-90
2017-10-27 16:25:49,model=Lenovo PB2-690Y,32.16985096,34.80660254,31,5,,00:22:6c:5f:c6:d4,11,-83,rfi,c4:04:15:a7:e0:e0,11,-89,HP-Print-45-Officejet Pro 6830,70:5a:0f:67:88:45,6,-91,rfi,a0:63:91:78:40:f2,4,-93,egypt 1,b8:a3:86:0e:50:04,6,-94
2017-10-27 16:25:52,model=Lenovo PB2-690Y,32.17019592,34.80675484,31,6,YamNadlan,34:8a:ae:ff:c0:96,1,-62,zinger,88:dc:96:1c:a2:00,5,-78,YamNadlan,34:8a:ae:ff:c0:97,52,-81,gattegnio,fc:b4:e6:d0:b6:67,6,-89,gattegnio,ec:08:6b:67:fc:c5,6,-91,TP-LINK_AAF0C0,c4:e9:84:aa:f0:c0,1,-93
2017-10-27 16:25:55,model=Lenovo PB2-690Y,32.1705107,34.80687558,29,4,Melinek,14:ae:db:45:27:5d,11,-86,melsara,10:0d:7f:86:a4:42,11,-90,GuestHome,e4:6f:13:47:e4:21,6,-92,Home2,e4:6f:13:47:e4:20,6,-95
2017-10-27 16:25:58,model=Lenovo PB2-690Y,32.17078967,34.80700602,29,9,rojavi,00:50:7f:f1:18:64,11,-82,upstairs,d4:6e:0e:cf:bc:ca,6,-84,obadiahouse1_2_4,6c:b0:ce:36:91:9f,1,-85,tambourh,10:be:f5:3d:ac:54,9,-87,president,20:0c:c8:2a:13:80,11,-89,rojavi_EXT,d4:6e:0e:3c:2f:99,11,-89,rojavi2017,00:1d:aa:0f:59:f0,11,-89,HOTFiber-1B7F,7c:b7:33:ea:b7:bd,11,-90,harry,14:ae:db:47:49:9d,1,-96
2017-10-27 16:26:01,model=Lenovo PB2-690Y,32.17105605,34.80711018,29,2,rojavi2017,ac:f1:df:a0:70:e9,6,-76,Bezeq Free,52:f1:df:a0:70:ea,6,-76
2017-10-27 16:26:04,model=Lenovo PB2-690Y,32.17135389,34.8072607,31,4,YamNadlan,34:8a:ae:ff:c0:96,1,-79,YamNadlan,34:8a:ae:ff:c0:97,52,-81,wizardofoz,14:ae:db:bd:c3:42,7,-87,TP-LINK_AAF0C0,c4:e9:84:aa:f0:c0,1,-93
2017-10-27 16:26:07,model=Lenovo PB2-690Y,32.1717249,34.80740114,28,6,HOTFiber-06B6,f0:b4:29:f1:f0:1b,11,-88,TV,f8:32:e4:b4:31:40,2,-90,GuestHome,e4:6f:13:47:e4:21,6,-92,Network,62:a4:4c:f1:7b:d9,11,-92,HOTBOX-D7AA,00:78:9e:fa:b1:de,1,-93,Home2,e4:6f:13:47:e4:20,6,-94
2017-10-27 16:26:10,model=Lenovo PB2-690Y,32.17197198,34.80751328,27,10,rojavi,00:50:7f:f1:18:64,11,-82,upstairs,d4:6e:0e:cf:bc:ca,6,-84alexrath,48:ee:0c:3d:1d:6c,8,-87HOTBOX-D7AA,00:78:9e:fa:b1:de,1,-88rojavi_EXT,d4:6e:0e:3c:2f:99,11,-89rojavi2017,00:1d:aa:0f:59:f0,11,-89menashe_2EX,74:da:38:73:17:cf,4,-89HOTFiber-C5F0,f8:ab:05:47:21:8f,11,-90Van2,90:f6:52:78:f4:cb,10,-91menashe,14:ae:db:48:16:65,4,-91
2017-10-27 16:26:13,model=Lenovo PB2-690Y,32.17223115,34.80762906,36,10,DIRECT-FC-HP OfficeJet Pro 8720,ec:8e:b5:05:97:a5,1,-80,alexrath,48:ee:0c:3d:1d:6c,8,-81menashe_2EX,74:da:38:73:17:cf,4,-81Van2,90:f6:52:78:f4:cb,10,-83Tankus,14:ae:db:4c:d1:55,10,-84HOTFiber-C5F0,f8:ab:05:47:21:8f,11,-85menashe,14:ae:db:48:16:65,4,-85HOTFiber-C5F0,08:3e:5d:61:fc:59,11,-86HOTFiber-C5F0,08:6a:0a:57:c1:72,11,-87rojavi2017,ac:f1:df:a0:70:e9,6,-88
2017-10-27 16:26:16,model=Lenovo PB2-690Y,32.17250319,34.8077393,42,4,Dodo,74:da:38:a1:8b:db,5,-83,HOTBOX,7c:b7:33:c0:ad:87,1,-85,wizardofoz,14:ae:db:bd:c3:42,7,-87,Roni,c0:ac:54:f7:fb:ba,6,-92
2017-10-27 16:26:19,model=Lenovo PB2-690Y,32.17276011,34.80783579,39,8,Dodo,74:da:38:a1:8b:db,5,-74,Van2,90:f6:52:78:f4:cb,10,-78,HOTFiber-06B6,f0:b4:29:f1:f0:1b,11,-88,George,00:12:2a:35:b1:64,1,-88,TV,f8:32:e4:b4:31:40,2,-90,babani_2.4,70:62:b8:33:d8:17,1,-91,Network,62:a4:4c:f1:7b:d9,11,-92,DIRECT-02-HP DeskJet 3830 series,fc:3f:db:a0:46:84,1,-92
2017-10-27 16:26:22,model=Lenovo PB2-690Y,32.17302276,34.80796667,39,8,moka_5,a4:2b:8c:9d:20:f7,60,-82,HOTBOX-D7AA,00:78:9e:fa:b1:de,1,-88,HOTFiber-06B6,08:3e:5d:63:39:61,4,-91,HOTBOX-DF26,00:78:9e:fa:4e:8d,1,-91,HOTBOX-3724,00:78:9e:fb:7f:c0,11,-93,HamiacheM,e8:94:f6:71:f4:5b,6,-93,clean shop Wi Fi,6c:19:8f:4b:56:3b,6,-94,LIT,d8:fb:5e:18:49:70,11,-96
2017-10-27 16:26:25,model=Lenovo PB2-690Y,32.17329851,34.8080852,41,10,Mica1,40:65:a3:29:21:d8,1,-78,hagai123,c0:ac:54:f9:08:da,1,-79alexrath,48:ee:0c:3d:1d:6c,8,-81menashe_2EX,74:da:38:73:17:cf,4,-81DIRECT-9J-BRAVIA,56:35:30:aa:49:43,11,-81Tankus,14:ae:db:4c:d1:55,10,-84TP-LINK_E542EE,74:ea:3a:e5:42:ee,4,-84@Cafe,5a:2b:8c:9d:20:f4,1,-84HOTFiber-C5F0,f8:ab:05:47:21:8f,11,-85menashe,14:ae:db:48:16:65,4,-85
2017-10-27 16:26:28,model=Lenovo PB2-690Y,32.17343059,34.80825376,40,6,oren1,00:78:9e:fb:bc:7c,1,-77,HOTBOX-3724,00:78:9e:fb:7f:c0,11,-87,berko_5,10:5a:f7:06:d2:0a,52,-89,Momo_5,14:ae:db:cd:36:3d,48,-90,SashaHome,ac:f1:df:9e:31:81,6,-90,peles,5c:d9:98:c6:50:2f,6,-90
2017-10-27 16:26:31,model=Lenovo PB2-690Y,32.17337685,34.80847679,40,6,DIRECT-24-HP OfficeJet Pro 6960,98:e7:f4:b5:bc:25,1,-84,berko_2.4,10:5a:f7:06:d2:09,1,-85,Yvo_home,74:da:3a:be:d7:a2,6,-87,sw,c8:be:19:0c:af:01,1,-87,reuven,6c:19:8f:49:e9:8c,6,-88,HomeWi-Fi,64:70:02:c5:73:b0,9,-92
2017-10-27 16:26:34,model=Lenovo PB2-690Y,32.17330793,34.80883147,42,6,uzi,00:12:2a:f2:17:18,1,-81,Yvo_home_2EX,74:da:38:be:d7:a1,6,-83,HomeWi-Fi,64:70:02:c5:70:b8,11,-90,Yvo_home,14:ae:db:37:05:65,6,-91,moka,a4:2b:8c:9d:20:f6,1,-95,DIRECT-EC-HP DeskJet 3830 series,30:e1:71:fb:dd:ed,11,-96
2017-10-27 16:26:37,model=Lenovo PB2-690Y,32.17324726,34.80921234,39,10,Mica1,40:65:a3:29:21:d8,1,-78,hagai123,c0:ac:54:f9:08:da,1,-79HOTBOX-E35E,a0:8e:78:7f:3e:bb,6,-81HOTFiber,7c:b7:33:a1:a5:6d,10,-81TP-LINK_E542EE,74:ea:3a:e5:42:ee,4,-84HamiacheM,14:ae:db:43:27:3d,6,-84@Cafe,5a:2b:8c:9d:20:f4,1,-84HamiacheM,e8:94:f6:71:f4:5b,6,-85HOTBOX-8A9C,6c:2e:85:fe:a1:37,11,-85SarahMonAmour_2.4,10:5a:f7:0f:7e:45,1,-87
2017-10-27 16:26:40,model=Lenovo PB2-690Y,32.17314943,34.80965043,39,10,oren1,00:78:9e:fb:bc:7c,1,-77,berko_2.4,10:5a:f7:06:d2:09,1,-85sw,c8:be:19:0c:af:01,1,-86HOTBOX-3724,00:78:9e:fb:7f:c0,11,-87reuven,6c:19:8f:49:e9:8c,6,-88berko_5,10:5a:f7:06:d2:0a,52,-89Yvo_home,74:da:3a:be:d7:a2,6,-89Cellcom-WiFi_2078,8c:59:c3:a3:61:e9,6,-89Momo_5,14:ae:db:cd:36:3d,48,-90SashaHome,ac:f1:df:9e:31:81,6,-90
2017-10-27 16:26:43,model=Lenovo PB2-690Y,32.17306255,34.81011613,37,8,uzi,00:12:2a:f2:17:18,1,-81,Yvo_home_2EX,74:da:38:be:d7:a1,6,-83,Bezeq Free 9A236D,6a:b0:ce:aa:73:32,1,-86,SAGARMATHA,6c:b0:ce:aa:73:31,1,-88,HomeWi-Fi,64:70:02:c5:70:b8,11,-90,Yvo_home,14:ae:db:37:05:65,6,-91,HOTBOX-007,00:78:9e:fb:20:75,1,-93,moka,a4:2b:8c:9d:20:f6,1,-95
2017-10-27 16:26:46,model=Lenovo PB2-690Y,32.17297854,34.81050125,32,10,HOTBOX-9666,7c:b7:33:c0:96:6c,1,-82,@Cafe,5a:2b:8c:9d:20:f4,1,-84HOTBOX-8A9C,6c:2e:85:fe:a1:37,11,-85Sokol,08:02:8e:8c:24:e0,11,-88BezeqFree,14:af:db:cd:36:3a,10,-89dan38,84:16:f9:c2:fa:6e,4,-89Banana,c0:ac:54:f5:d6:3d,6,-90HOTFiber,7c:b7:33:a1:a5:6d,10,-90AHRONEE,00:78:9e:fa:c7:d5,1,-90Greenberg1_2EX,74:da:38:a6:db:98,11,-90
2017-10-27 16:26:49,model=Lenovo PB2-690Y,32.17293114,34.81078794,33,8,Angel,14:cc:20:76:cc:fe,7,-85,HOTFiber-A5D,40:65:a3:29:99:51,1,-87,Yvo_home,74:da:3a:be:d7:a2,6,-89,Cellcom-WiFi_2078,8c:59:c3:a3:61:e9,6,-89,Angel,14:cc:20:76:cd:12,1,-89,RINA,14:ae:db:b5:1b:dd,11,-90,ANDY2.4,3c:1e:04:07:f1:6a,1,-92,EF-A,d8:fe:e3:02:93:49,6,-94
2017-10-27 16:26:52,model=Lenovo PB2-690Y,32.17285948,34.81110148,29,1,,fa:8f:ca:96:85:cf,11,-87
2017-10-27 16:26:55,model=Lenovo PB2-690Y,32.17274362,34.81140622,26,7,Bezeq Free 9A236D,6a:b0:ce:aa:73:32,1,-86,SAGARMATHA,6c:b0:ce:aa:73:31,1,-88,Dekel2,74:da:38:a9:2c:6c,2,-90,GilPil,2c:b0:5d:2c:fe:54,11,-91,HOTBOX-007,00:78:9e:fb:20:75,1,-93,Dekel,cc:b2:55:e6:f2:15,6,-93,HOTBOX-1F4A,c0:ac:54:f7:df:a5,6,-95
2017-10-27 16:26:58,model=Lenovo PB2-690Y,32.17262741,34.81166081,26,7,HOTBOX-9666,7c:b7:33:c0:96:6c,1,-82,kenley,9c:3d:cf:1a:ad:f5,1,-82,dan38,84:16:f9:c2:fa:6e,4,-87,Sokol,08:02:8e:8c:24:e0,11,-88,Ron,84:16:f9:e5:fa:66,9,-93,Dan38,e8:fc:af:99:22:43,1,-93,HOT,b4:ee:b4:a7:37:d5,11,-93
2017-10-27 16:27:01,model=Lenovo PB2-690Y,32.17257307,34.81188778,25,8,Angel,14:cc:20:76:cc:fe,7,-85,HOTFiber-A5D,40:65:a3:29:99:51,1,-87,Angel,14:cc:20:76:cd:12,1,-89,Azoulay,b4:ee:b4:a9:15:f7,1,-89,kenley-up,88:dc:96:3b:f5:e0,11,-89,Helen.,a0:ab:1b:57:cd:42,6,-93,goral,e0:ce:c3:8b:d9:44,6,-93,urigil1,a0:ab:1b:5d:c2:60,10,-96
2017-10-27 16:27:04,model=Lenovo PB2-690Y,32.17254432,34.81201773,23,2,Gil Kitchen,80:1f:02:a3:7d:62,6,-93,varda,c4:12:f5:85:27:c2,1,-94
2017-10-27 16:27:10,model=Lenovo PB2-690Y,32.17251092,34.81213272,21,3,dlink-6A4D,e4:6f:13:db:6a:4d,11,-93,HP-Print-57-Officejet Pro 8610,fc:15:b4:aa:9e:57,8,-93,Gil-Up,50:c7:bf:36:df:98,8,-94
2017-10-27 16:27:18,model=Lenovo PB2-690Y,32.17235991,34.81215514,19,5,ZEISS_YEHUDA,00:1d:aa:fb:1f:b0,6,-81,varda,c4:12:f5:85:27:c2,1,-83,U2I8L1M0X42,7c:b7:33:97:35:f1,1,-86,Helen.,a0:ab:1b:57:cd:42,6,-88,EL,14:ae:db:3d:b1:52,9,-94
2017-10-27 16:27:21,model=Lenovo PB2-690Y,32.17208714,34.81204662,18,4,Bezeq Free,62:04:15:60:6a:b6,1,-87,TP-LINK-BET,f8:d1:11:ce:e5:e6,4,-89,ben_ami_2.4,c4:04:15:60:6a:b5,1,-90,U2I8L1M0X42,54:64:d9:66:29:ef,11,-92
2017-10-27 16:27:24,model=Lenovo PB2-690Y,32.17175267,34.81191154,18,5,ben_ami_2.4,c4:04:15:60:6a:b5,1,-81,Shani - Green,54:b8:0a:34:78:98,52,-86,Shani - Green,54:b8:0a:34:78:90,5,-87,DIRECT-AC-HP OfficeJet Pro 8720,70:5a:0f:f6:54:ad,5,-90,Shani - Green,54:b8:0a:34:78:d0,6,-94
2017-10-27 16:27:27,model=Lenovo PB2-690Y,32.17137454,34.81173835,14,10,ronkla2,3c:1e:04:07:2a:fe,6,-84,HOTBOX-1966,6c:2e:85:fe:da:b8,6,-88mika1,c4:12:f5:fb:c0:3e,1,-90Azoulay,b4:ee:b4:a9:15:f7,1,-93kenley-up,88:dc:96:3b:f5:e0,11,-93dlink-6A4D,e4:6f:13:db:6a:4d,11,-93HP-Print-57-Officejet Pro 8610,fc:15:b4:aa:9e:57,8,-93Gil Kitchen,80:1f:02:a3:7d:62,6,-94Gil-Up,50:c7:bf:36:df:98,8,-94urigil1,a0:ab:1b:5d:c2:60,10,-95
2017-10-27 16:27:30,model=Lenovo PB2-690Y,32.17104698,34.81157034,17,9,U2I8L1M0X42,7c:b7:33:97:35:f1,1,-82,Bezeq Free,62:04:15:60:6a:b6,1,-83,Helen.,a0:ab:1b:57:cd:42,6,-88,ZEISS_YEHUDA,00:1d:aa:fb:1f:b0,6,-89,TP-LINK-BET,f8:d1:11:ce:e5:e6,4,-89,U2I8L1M0X42,54:64:d9:66:29:ef,11,-92,varda,c4:12:f5:85:27:c2,1,-93,EL,14:ae:db:3d:b1:52,9,-94,HP-Setup>75-M277 LaserJet,92:cd:b6:2b:e9:75,1,-96
2017-10-27 16:27:33,model=Lenovo PB2-690Y,32.17074449,34.81143093,19,5,Shani - Green,54:b8:0a:34:78:98,52,-86,Shani - Green,54:b8:0a:34:78:90,5,-87,ben_ami_2.4,c4:04:15:60:6a:b5,1,-89,Shani - Green,54:b8:0a:34:78:d0,6,-94,home,00:13:d4:0f:f3:ba,1,-97
2017-10-27 16:27:36,model=Lenovo PB2-690Y,32.17046806,34.81126309,20,5,RDK,58:b6:33:34:81:a8,1,-84,Guymic,14:ae:db:b7:99:2d,6,-84,HOTFiber-A53E,7c:b7:33:a1:7e:98,11,-87,rdk,e4:d3:f1:9a:81:60,8,-90,stephane,14:cc:20:eb:e7:53,1,-91
2017-10-27 16:27:39,model=Lenovo PB2-690Y,32.17017837,34.81109731,21,5,ronkla2,3c:1e:04:07:2a:fe,6,-84,mika1,c4:12:f5:fb:c0:3e,1,-90,shlomi,d8:5d:4c:d9:c4:68,1,-90,stephane,00:24:2b:cf:13:21,1,-92,HOTBOX-1966,6c:2e:85:fe:da:b8,6,-93
2017-10-27 16:27:42,model=Lenovo PB2-690Y,32.16989007,34.81096842,22,9,Neeman2.4,20:0c:c8:1d:c8:2b,1,-74,Bezeq Free F026CC,6a:0c:c8:1d:c8:28,1,-79,DIRECT-A4-HP OfficeJet 6950,c8:d3:ff:f9:48:a5,1,-83,ZEISS_YEHUDA,00:1d:aa:fb:1f:b0,6,-85,oved-main_2EX,74:da:38:97:66:9d,6,-87,oved-main_2EX,74:da:38:54:b8:1c,6,-90,HOTBOX-2E6E,c0:ac:54:f7:27:42,11,-90,HP-Setup>75-M277 LaserJet,92:cd:b6:2b:e9:75,1,-92,devolo-0f4,30:d3:2d:37:20:f4,11,-93
2017-10-27 16:27:45,model=Lenovo PB2-690Y,32.16957016,34.81081783,18,4,  InnovationEndeavors,74:da:38:a9:1c:df,4,-89,BezeqNGN_001489_2.4GHz_1,c0:a0:bb:cb:59:5b,11,-92,Lili,c4:12:f5:f9:5c:7c,11,-93,home,00:13:d4:0f:f3:ba,1,-97
2017-10-27 16:27:48,model=Lenovo PB2-690Y,32.16925256,34.81069134,19,10,edimax_2.4G_A92417,74:da:38:a9:24:17,2,-78,RDK,58:b6:33:34:81:a8,1,-84Guymic,14:ae:db:b7:99:2d,6,-84HOTFiber-A53E,7c:b7:33:a1:7e:98,11,-87dlink-A09C,ac:f1:df:76:a0:9c,11,-87Liliup,74:da:38:c3:12:45,3,-87oved-main,74:da:39:54:b8:1d,6,-88rdk,e4:d3:f1:9a:81:60,8,-90netbox,d0:d4:12:65:19:a2,1,-90stephane,14:cc:20:eb:e7:53,1,-92
2017-10-27 16:27:51,model=Lenovo PB2-690Y,32.16893268,34.81056291,20,8,SandyAndDanny,d0:0e:d9:26:e8:c5,8,-86,3Com,00:0f:cb:b5:2e:78,11,-87,spielman,7c:b7:33:2b:c4:52,11,-89,shlomi,d8:5d:4c:d9:c4:68,1,-90,stephane,00:24:2b:cf:13:21,1,-92,spielman,f4:f2:6d:34:56:54,11,-93,forestisthebest,c8:d7:19:da:03:16,1,-93,Home,44:03:a7:e6:11:63,6,-95
2017-10-27 16:27:54,model=Lenovo PB2-690Y,32.16860304,34.81046488,17,10,Neeman2.4,20:0c:c8:1d:c8:2b,1,-74,Bezeq Free F026CC,6a:0c:c8:1d:c8:28,1,-79ZEISS_YEHUDA,00:1d:aa:fb:1f:b0,6,-85oved-main_2EX,74:da:38:97:66:9d,6,-87oved-main_2EX,74:da:38:54:b8:1c,6,-90HOTBOX-2E6E,c0:ac:54:f7:27:42,11,-90devolo-0f4,30:d3:2d:37:20:f4,11,-93KaymeraDev,00:f6:63:15:58:81,1,-93kaymeraQA,00:f6:63:15:58:80,1,-93KaymeraGuest,00:f6:63:15:58:82,1,-95
2017-10-27 16:27:57,model=Lenovo PB2-690Y,32.16828928,34.81035666,18,6,Oberyn Martell,18:d6:c7:fb:1c:0e,8,-77,  InnovationEndeavors,74:da:38:a9:1c:df,4,-89,Lili,c4:12:f5:f9:5c:7c,11,-89,BezeqNGN_001489_2.4GHz_1,c0:a0:bb:cb:59:5b,11,-92,DIRECT-A3-HP OfficeJet Pro 8710,a0:8c:fd:54:7b:54,11,-94,Candan,c0:ff:d4:7b:82:30,1,-96
2017-10-27 16:28:00,model=Lenovo PB2-690Y,32.16799923,34.81022347,17,8,kessel_2,90:ef:68:30:6b:69,5,-75,edimax_2.4G_A92417,74:da:38:a9:24:17,2,-78,terry_ap,5c:83:8f:33:bd:68,1,-86,dlink-A09C,ac:f1:df:76:a0:9c,11,-87,Liliup,74:da:38:c3:12:45,3,-87,oved-main,74:da:39:54:b8:1d,6,-88,netbox,d0:d4:12:65:19:a2,1,-90,,06:8d:db:6e:71:ed,1,-91
2017-10-27 16:28:03,model=Lenovo PB2-690Y,32.16776437,34.8100792,19,10,888Free,06:8d:db:6e:71:13,1,-85,888Guest,02:8d:db:6e:71:13,1,-85888Corp,0a:8d:db:6e:71:13,1,-86spielman,7c:b7:33:2b:c4:52,11,-89SandyAndDanny,d0:0e:d9:26:e8:c5,8,-913Com,00:0f:cb:b5:2e:78,11,-92spielman,f4:f2:6d:34:56:54,11,-93forestisthebest,c8:d7:19:da:03:16,1,-93Erez Man,e4:8d:8c:7f:3d:0d,1,-93yaront-mac,78:9f:70:7b:90:14,6,-93
2017-10-27 16:28:06,model=Lenovo PB2-690Y,32.167615,34.80992403,19,8,Mouly,7c:b7:33:2e:76:73,11,-82,ensilo_2.4GH_1,00:30:4f:82:a4:48,11,-83,Efrat Networks MM,94:f6:65:5b:b2:28,5,-84,island-074FA0,50:a7:33:47:4f:a3,6,-86,888Free,06:8d:db:6e:71:be,11,-87,888Guest,02:8d:db:6e:71:6d,1,-88,Guest Neetwork MM,94:f6:65:1b:b2:28,5,-90,HP-Print-A0-LaserJet Pro MFP,30:f7:72:6e:8e:a0,6,-91
2017-10-27 16:28:09,model=Lenovo PB2-690Y,32.16758618,34.80986741,19,4,888Free,06:8d:db:6e:71:6d,1,-90,KaymeraDev,00:f6:63:15:58:81,1,-93,kaymeraQA,00:f6:63:15:58:80,1,-94,KaymeraGuest,00:f6:63:15:58:82,1,-95
2017-10-27 16:28:12,model=Lenovo PB2-690Y,32.16759701,34.80985743,21,2,888Guest,02:8d:db:6e:71:be,11,-84,Candan,c0:ff:d4:7b:82:30,1,-88
2017-10-27 16:28:18,model=Lenovo PB2-690Y,32.16762294,34.80983426,20,1,island-074FA0,50:a7:33:47:4f:a3,6,-80
2017-10-27 16:28:30,model=Lenovo PB2-690Y,32.16761512,34.80984451,24,1,INGENEO,cc:b2:55:e8:4c:e6,6,-87
2017-10-27 16:28:36,model=Lenovo PB2-690Y,32.16762841,34.8098606,25,1,888Corp,0a:8d:db:6e:71:6d,1,-87